Entity,Code,Date,total_vaccinations_per_hundred
Albania,ALB,2021-01-10,0
Albania,ALB,2021-01-12,0
Albania,ALB,2021-01-13,0.01
Albania,ALB,2021-01-14,0.01
Albania,ALB,2021-01-15,0.01
Albania,ALB,2021-01-16,0.01
Albania,ALB,2021-01-17,0.01
Albania,ALB,2021-01-18,0.02
Albania,ALB,2021-01-19,0.02
Albania,ALB,2021-01-20,0.02
Albania,ALB,2021-01-21,0.02
Albania,ALB,2021-02-02,0.02
Albania,ALB,2021-02-09,0.04
Albania,ALB,2021-02-17,0.06
Albania,ALB,2021-02-18,0.11
Algeria,DZA,2021-01-29,0
Algeria,DZA,2021-01-30,0
Andorra,AND,2021-01-25,0.75
Andorra,AND,2021-02-01,1.34
Andorra,AND,2021-02-10,1.67
Andorra,AND,2021-02-12,2.1
Anguilla,AIA,2021-02-04,0
Anguilla,AIA,2021-02-13,8.94
Argentina,ARG,2020-12-29,0
Argentina,ARG,2020-12-31,0.07
Argentina,ARG,2021-01-04,0.09
Argentina,ARG,2021-01-08,0.24
Argentina,ARG,2021-01-13,0.37
Argentina,ARG,2021-01-15,0.44
Argentina,ARG,2021-01-20,0.55
Argentina,ARG,2021-01-21,0.59
Argentina,ARG,2021-01-22,0.62
Argentina,ARG,2021-01-23,0.64
Argentina,ARG,2021-01-24,0.65
Argentina,ARG,2021-01-25,0.65
Argentina,ARG,2021-01-26,0.68
Argentina,ARG,2021-01-27,0.7
Argentina,ARG,2021-01-28,0.73
Argentina,ARG,2021-01-29,0.76
Argentina,ARG,2021-01-30,0.81
Argentina,ARG,2021-02-01,0.83
Argentina,ARG,2021-02-03,0.88
Argentina,ARG,2021-02-04,0.98
Argentina,ARG,2021-02-06,1.04
Argentina,ARG,2021-02-07,1.11
Argentina,ARG,2021-02-08,1.13
Argentina,ARG,2021-02-09,1.14
Argentina,ARG,2021-02-10,1.18
Argentina,ARG,2021-02-11,1.27
Argentina,ARG,2021-02-12,1.31
Argentina,ARG,2021-02-13,1.34
Argentina,ARG,2021-02-14,1.35
Argentina,ARG,2021-02-15,1.35
Argentina,ARG,2021-02-16,1.35
Argentina,ARG,2021-02-17,1.35
Argentina,ARG,2021-02-18,1.41
Austria,AUT,2021-01-13,0.24
Austria,AUT,2021-01-14,0.52
Austria,AUT,2021-01-15,0.75
Austria,AUT,2021-01-16,0.84
Austria,AUT,2021-01-17,0.91
Austria,AUT,2021-01-18,0.99
Austria,AUT,2021-01-19,1.08
Austria,AUT,2021-01-20,1.41
Austria,AUT,2021-01-21,1.7
Austria,AUT,2021-01-22,1.82
Austria,AUT,2021-01-23,1.87
Austria,AUT,2021-01-24,1.9
Austria,AUT,2021-01-25,1.97
Austria,AUT,2021-01-26,2.08
Austria,AUT,2021-01-27,2.13
Austria,AUT,2021-01-28,2.2
Austria,AUT,2021-01-29,2.32
Austria,AUT,2021-01-30,2.45
Austria,AUT,2021-01-31,2.5
Austria,AUT,2021-02-01,2.53
Austria,AUT,2021-02-02,2.68
Austria,AUT,2021-02-03,2.81
Austria,AUT,2021-02-04,2.91
Austria,AUT,2021-02-05,3.08
Austria,AUT,2021-02-06,3.16
Austria,AUT,2021-02-07,3.22
Austria,AUT,2021-02-08,3.31
Austria,AUT,2021-02-09,3.46
Austria,AUT,2021-02-10,3.66
Austria,AUT,2021-02-11,3.81
Austria,AUT,2021-02-12,4.06
Austria,AUT,2021-02-13,4.09
Austria,AUT,2021-02-14,4.15
Austria,AUT,2021-02-15,4.47
Austria,AUT,2021-02-16,4.64
Austria,AUT,2021-02-17,4.94
Austria,AUT,2021-02-18,5.17
Azerbaijan,AZE,2021-01-17,0
Azerbaijan,AZE,2021-02-06,0.64
Bahrain,BHR,2020-12-23,2.29
Bahrain,BHR,2020-12-24,2.94
Bahrain,BHR,2020-12-25,2.97
Bahrain,BHR,2020-12-26,3.03
Bahrain,BHR,2020-12-27,3.15
Bahrain,BHR,2020-12-28,3.23
Bahrain,BHR,2020-12-29,3.29
Bahrain,BHR,2020-12-30,3.37
Bahrain,BHR,2020-12-31,3.45
Bahrain,BHR,2021-01-01,3.49
Bahrain,BHR,2021-01-02,3.53
Bahrain,BHR,2021-01-03,3.57
Bahrain,BHR,2021-01-04,3.62
Bahrain,BHR,2021-01-05,3.75
Bahrain,BHR,2021-01-06,4.02
Bahrain,BHR,2021-01-07,4.25
Bahrain,BHR,2021-01-08,4.6
Bahrain,BHR,2021-01-09,4.95
Bahrain,BHR,2021-01-10,5.25
Bahrain,BHR,2021-01-11,5.44
Bahrain,BHR,2021-01-12,5.75
Bahrain,BHR,2021-01-13,5.96
Bahrain,BHR,2021-01-14,6.44
Bahrain,BHR,2021-01-15,7.22
Bahrain,BHR,2021-01-16,8.06
Bahrain,BHR,2021-01-17,8.32
Bahrain,BHR,2021-01-18,8.39
Bahrain,BHR,2021-01-19,8.44
Bahrain,BHR,2021-01-20,8.47
Bahrain,BHR,2021-01-26,9.75
Bahrain,BHR,2021-01-27,9.86
Bahrain,BHR,2021-01-28,9.96
Bahrain,BHR,2021-01-29,9.98
Bahrain,BHR,2021-01-30,10.02
Bahrain,BHR,2021-01-31,10.08
Bahrain,BHR,2021-02-01,10.16
Bahrain,BHR,2021-02-02,10.23
Bahrain,BHR,2021-02-03,10.29
Bahrain,BHR,2021-02-04,10.42
Bahrain,BHR,2021-02-05,10.55
Bahrain,BHR,2021-02-06,10.73
Bahrain,BHR,2021-02-07,11.25
Bahrain,BHR,2021-02-08,11.82
Bahrain,BHR,2021-02-09,12.51
Bahrain,BHR,2021-02-10,12.91
Bahrain,BHR,2021-02-11,13.22
Bahrain,BHR,2021-02-12,13.67
Bahrain,BHR,2021-02-13,14.24
Bahrain,BHR,2021-02-14,14.62
Bahrain,BHR,2021-02-15,14.75
Bahrain,BHR,2021-02-16,14.87
Bahrain,BHR,2021-02-17,15.14
Bahrain,BHR,2021-02-18,15.48
Bangladesh,BGD,2021-01-26,0
Bangladesh,BGD,2021-01-27,0
Bangladesh,BGD,2021-01-28,0
Bangladesh,BGD,2021-02-07,0.02
Bangladesh,BGD,2021-02-09,0.11
Bangladesh,BGD,2021-02-10,0.21
Bangladesh,BGD,2021-02-13,0.45
Bangladesh,BGD,2021-02-14,0.55
Bangladesh,BGD,2021-02-15,0.69
Bangladesh,BGD,2021-02-16,0.83
Bangladesh,BGD,2021-02-17,0.96
Bangladesh,BGD,2021-02-18,1.12
Barbados,BRB,2021-02-15,1.56
Barbados,BRB,2021-02-16,2.33
Barbados,BRB,2021-02-17,3.17
Belgium,BEL,2020-12-28,0
Belgium,BEL,2020-12-29,0
Belgium,BEL,2020-12-30,0.01
Belgium,BEL,2020-12-31,0.01
Belgium,BEL,2021-01-01,0.01
Belgium,BEL,2021-01-05,0.02
Belgium,BEL,2021-01-06,0.05
Belgium,BEL,2021-01-07,0.12
Belgium,BEL,2021-01-08,0.2
Belgium,BEL,2021-01-09,0.23
Belgium,BEL,2021-01-10,0.23
Belgium,BEL,2021-01-11,0.28
Belgium,BEL,2021-01-12,0.41
Belgium,BEL,2021-01-13,0.59
Belgium,BEL,2021-01-14,0.79
Belgium,BEL,2021-01-15,0.99
Belgium,BEL,2021-01-16,1.03
Belgium,BEL,2021-01-17,1.06
Belgium,BEL,2021-01-18,1.15
Belgium,BEL,2021-01-19,1.32
Belgium,BEL,2021-01-20,1.49
Belgium,BEL,2021-01-21,1.75
Belgium,BEL,2021-01-22,2
Belgium,BEL,2021-01-23,2.07
Belgium,BEL,2021-01-24,2.08
Belgium,BEL,2021-01-25,2.18
Belgium,BEL,2021-01-26,2.28
Belgium,BEL,2021-01-27,2.42
Belgium,BEL,2021-01-28,2.61
Belgium,BEL,2021-01-29,2.77
Belgium,BEL,2021-01-30,2.81
Belgium,BEL,2021-01-31,2.82
Belgium,BEL,2021-02-01,2.88
Belgium,BEL,2021-02-02,3.07
Belgium,BEL,2021-02-03,3.31
Belgium,BEL,2021-02-04,3.58
Belgium,BEL,2021-02-05,3.83
Belgium,BEL,2021-02-06,3.88
Belgium,BEL,2021-02-07,3.91
Belgium,BEL,2021-02-08,3.99
Belgium,BEL,2021-02-09,4.21
Belgium,BEL,2021-02-10,4.4
Belgium,BEL,2021-02-11,4.68
Belgium,BEL,2021-02-12,4.94
Belgium,BEL,2021-02-13,4.99
Belgium,BEL,2021-02-14,5.01
Belgium,BEL,2021-02-15,5.1
Belgium,BEL,2021-02-16,5.19
Belgium,BEL,2021-02-17,5.25
Bermuda,BMU,2021-01-10,0
Bermuda,BMU,2021-01-16,2.67
Bermuda,BMU,2021-01-23,4.71
Bermuda,BMU,2021-01-30,7.86
Bermuda,BMU,2021-02-06,14.61
Bermuda,BMU,2021-02-09,16.06
Bermuda,BMU,2021-02-15,21.12
Bolivia,BOL,2021-01-28,0
Bolivia,BOL,2021-01-29,0
Bolivia,BOL,2021-01-30,0
Bolivia,BOL,2021-01-31,0
Bolivia,BOL,2021-02-01,0
Bolivia,BOL,2021-02-02,0.01
Bolivia,BOL,2021-02-03,0.03
Bolivia,BOL,2021-02-11,0.09
Brazil,BRA,2021-01-16,0
Brazil,BRA,2021-01-17,0
Brazil,BRA,2021-01-18,0
Brazil,BRA,2021-01-19,0.01
Brazil,BRA,2021-01-20,0.01
Brazil,BRA,2021-01-21,0.06
Brazil,BRA,2021-01-22,0.12
Brazil,BRA,2021-01-23,0.25
Brazil,BRA,2021-01-24,0.28
Brazil,BRA,2021-01-25,0.33
Brazil,BRA,2021-01-26,0.4
Brazil,BRA,2021-01-27,0.53
Brazil,BRA,2021-01-28,0.68
Brazil,BRA,2021-01-29,0.78
Brazil,BRA,2021-01-30,0.94
Brazil,BRA,2021-01-31,0.98
Brazil,BRA,2021-02-01,1
Brazil,BRA,2021-02-02,1.08
Brazil,BRA,2021-02-03,1.19
Brazil,BRA,2021-02-04,1.45
Brazil,BRA,2021-02-05,1.45
Brazil,BRA,2021-02-06,1.6
Brazil,BRA,2021-02-07,1.67
Brazil,BRA,2021-02-08,1.7
Brazil,BRA,2021-02-09,1.8
Brazil,BRA,2021-02-10,1.94
Brazil,BRA,2021-02-11,2.07
Brazil,BRA,2021-02-12,2.21
Brazil,BRA,2021-02-13,2.41
Brazil,BRA,2021-02-14,2.46
Brazil,BRA,2021-02-15,2.49
Brazil,BRA,2021-02-16,2.64
Brazil,BRA,2021-02-17,2.77
Brazil,BRA,2021-02-18,2.92
Bulgaria,BGR,2020-12-29,0.02
Bulgaria,BGR,2020-12-30,0.07
Bulgaria,BGR,2021-01-01,0.07
Bulgaria,BGR,2021-01-05,0.08
Bulgaria,BGR,2021-01-06,0.11
Bulgaria,BGR,2021-01-07,0.16
Bulgaria,BGR,2021-01-08,0.19
Bulgaria,BGR,2021-01-09,0.19
Bulgaria,BGR,2021-01-11,0.2
Bulgaria,BGR,2021-01-12,0.23
Bulgaria,BGR,2021-01-13,0.25
Bulgaria,BGR,2021-01-14,0.25
Bulgaria,BGR,2021-01-15,0.26
Bulgaria,BGR,2021-01-16,0.26
Bulgaria,BGR,2021-01-17,0.27
Bulgaria,BGR,2021-01-18,0.28
Bulgaria,BGR,2021-01-19,0.32
Bulgaria,BGR,2021-01-20,0.35
Bulgaria,BGR,2021-01-21,0.36
Bulgaria,BGR,2021-01-22,0.38
Bulgaria,BGR,2021-01-23,0.38
Bulgaria,BGR,2021-01-24,0.38
Bulgaria,BGR,2021-01-25,0.39
Bulgaria,BGR,2021-01-26,0.42
Bulgaria,BGR,2021-01-27,0.47
Bulgaria,BGR,2021-01-28,0.54
Bulgaria,BGR,2021-01-29,0.59
Bulgaria,BGR,2021-01-30,0.59
Bulgaria,BGR,2021-01-31,0.59
Bulgaria,BGR,2021-02-01,0.61
Bulgaria,BGR,2021-02-02,0.66
Bulgaria,BGR,2021-02-03,0.72
Bulgaria,BGR,2021-02-04,0.78
Bulgaria,BGR,2021-02-05,0.82
Bulgaria,BGR,2021-02-06,0.82
Bulgaria,BGR,2021-02-07,0.82
Bulgaria,BGR,2021-02-08,0.85
Bulgaria,BGR,2021-02-09,0.9
Bulgaria,BGR,2021-02-10,0.95
Bulgaria,BGR,2021-02-11,1.02
Bulgaria,BGR,2021-02-12,1.07
Bulgaria,BGR,2021-02-13,1.08
Bulgaria,BGR,2021-02-14,1.08
Bulgaria,BGR,2021-02-15,1.11
Bulgaria,BGR,2021-02-16,1.17
Bulgaria,BGR,2021-02-17,1.24
Bulgaria,BGR,2021-02-18,1.3
Cambodia,KHM,2021-02-09,0
Cambodia,KHM,2021-02-10,0.01
Cambodia,KHM,2021-02-17,0.02
Canada,CAN,2021-01-12,0.71
Canada,CAN,2021-01-13,0.76
Canada,CAN,2021-01-14,0.82
Canada,CAN,2021-01-15,0.91
Canada,CAN,2021-01-18,1.12
Canada,CAN,2021-01-19,1.22
Canada,CAN,2021-01-20,1.29
Canada,CAN,2021-01-21,1.87
Canada,CAN,2021-01-22,1.99
Canada,CAN,2021-01-25,2.13
Canada,CAN,2021-01-26,2.19
Canada,CAN,2021-01-27,2.36
Canada,CAN,2021-01-28,2.41
Canada,CAN,2021-01-29,2.48
Canada,CAN,2021-02-01,2.58
Canada,CAN,2021-02-02,2.61
Canada,CAN,2021-02-03,2.65
Canada,CAN,2021-02-04,2.69
Canada,CAN,2021-02-05,2.76
Canada,CAN,2021-02-08,2.91
Canada,CAN,2021-02-09,2.97
Canada,CAN,2021-02-10,3.06
Canada,CAN,2021-02-11,3.14
Canada,CAN,2021-02-12,3.24
Canada,CAN,2021-02-15,3.37
Canada,CAN,2021-02-16,3.46
Canada,CAN,2021-02-17,3.52
Canada,CAN,2021-02-18,3.58
Cayman Islands,CYM,2020-12-26,0
Cayman Islands,CYM,2021-02-04,16.75
Cayman Islands,CYM,2021-02-09,20.71
Cayman Islands,CYM,2021-02-10,21.43
Cayman Islands,CYM,2021-02-12,23.65
Cayman Islands,CYM,2021-02-17,25.45
Chile,CHL,2020-12-24,0
Chile,CHL,2020-12-25,0.03
Chile,CHL,2020-12-26,0.04
Chile,CHL,2020-12-27,0.05
Chile,CHL,2020-12-28,0.05
Chile,CHL,2020-12-29,0.05
Chile,CHL,2020-12-30,0.05
Chile,CHL,2020-12-31,0.05
Chile,CHL,2021-01-01,0.05
Chile,CHL,2021-01-02,0.05
Chile,CHL,2021-01-03,0.05
Chile,CHL,2021-01-04,0.05
Chile,CHL,2021-01-05,0.05
Chile,CHL,2021-01-06,0.06
Chile,CHL,2021-01-07,0.06
Chile,CHL,2021-01-08,0.06
Chile,CHL,2021-01-09,0.06
Chile,CHL,2021-01-10,0.06
Chile,CHL,2021-01-11,0.06
Chile,CHL,2021-01-12,0.06
Chile,CHL,2021-01-13,0.06
Chile,CHL,2021-01-14,0.1
Chile,CHL,2021-01-15,0.12
Chile,CHL,2021-01-16,0.12
Chile,CHL,2021-01-17,0.12
Chile,CHL,2021-01-18,0.17
Chile,CHL,2021-01-19,0.27
Chile,CHL,2021-01-20,0.32
Chile,CHL,2021-01-21,0.34
Chile,CHL,2021-01-22,0.34
Chile,CHL,2021-01-23,0.34
Chile,CHL,2021-01-24,0.34
Chile,CHL,2021-01-25,0.35
Chile,CHL,2021-01-26,0.35
Chile,CHL,2021-01-27,0.35
Chile,CHL,2021-01-28,0.35
Chile,CHL,2021-01-29,0.35
Chile,CHL,2021-01-30,0.35
Chile,CHL,2021-01-31,0.35
Chile,CHL,2021-02-01,0.35
Chile,CHL,2021-02-02,0.42
Chile,CHL,2021-02-03,1.31
Chile,CHL,2021-02-04,2.23
Chile,CHL,2021-02-05,3.11
Chile,CHL,2021-02-06,3.25
Chile,CHL,2021-02-07,3.3
Chile,CHL,2021-02-08,4.51
Chile,CHL,2021-02-09,5.87
Chile,CHL,2021-02-10,7.32
Chile,CHL,2021-02-11,8.63
Chile,CHL,2021-02-12,9.82
Chile,CHL,2021-02-13,9.98
Chile,CHL,2021-02-14,10
Chile,CHL,2021-02-15,11.37
Chile,CHL,2021-02-16,12.43
China,CHN,2020-12-15,0.1
China,CHN,2020-12-31,0.31
China,CHN,2021-01-09,0.63
China,CHN,2021-01-13,0.69
China,CHN,2021-01-20,1.04
China,CHN,2021-01-27,1.58
China,CHN,2021-01-31,1.67
China,CHN,2021-02-03,2.17
China,CHN,2021-02-09,2.82
Colombia,COL,2021-02-16,0
Colombia,COL,2021-02-17,0
Colombia,COL,2021-02-18,0.02
Costa Rica,CRI,2020-12-24,0
Costa Rica,CRI,2021-01-03,0.05
Costa Rica,CRI,2021-01-08,0.19
Costa Rica,CRI,2021-01-15,0.49
Costa Rica,CRI,2021-01-18,0.58
Costa Rica,CRI,2021-01-25,0.94
Costa Rica,CRI,2021-02-01,1.13
Costa Rica,CRI,2021-02-08,1.47
Costa Rica,CRI,2021-02-15,1.9
Croatia,HRV,2020-12-30,0.19
Croatia,HRV,2021-01-03,0.3
Croatia,HRV,2021-01-05,0.34
Croatia,HRV,2021-01-07,0.5
Croatia,HRV,2021-01-08,0.61
Croatia,HRV,2021-01-09,0.73
Croatia,HRV,2021-01-13,0.84
Croatia,HRV,2021-01-14,0.93
Croatia,HRV,2021-01-15,1.01
Croatia,HRV,2021-01-16,1.12
Croatia,HRV,2021-01-19,1.32
Croatia,HRV,2021-01-22,1.58
Croatia,HRV,2021-01-25,1.7
Croatia,HRV,2021-01-29,1.95
Croatia,HRV,2021-02-01,2.04
Croatia,HRV,2021-02-03,2.14
Croatia,HRV,2021-02-04,2.33
Croatia,HRV,2021-02-09,2.49
Croatia,HRV,2021-02-11,2.75
Croatia,HRV,2021-02-15,2.94
Cyprus,CYP,2021-01-06,0.45
Cyprus,CYP,2021-01-10,0.69
Cyprus,CYP,2021-01-16,1.17
Cyprus,CYP,2021-01-23,2.03
Cyprus,CYP,2021-01-30,2.91
Cyprus,CYP,2021-02-06,3.75
Cyprus,CYP,2021-02-13,5.07
Czechia,CZE,2020-12-27,0.01
Czechia,CZE,2020-12-28,0.03
Czechia,CZE,2020-12-29,0.07
Czechia,CZE,2020-12-30,0.1
Czechia,CZE,2020-12-31,0.11
Czechia,CZE,2021-01-01,0.11
Czechia,CZE,2021-01-02,0.12
Czechia,CZE,2021-01-03,0.13
Czechia,CZE,2021-01-04,0.17
Czechia,CZE,2021-01-05,0.21
Czechia,CZE,2021-01-06,0.26
Czechia,CZE,2021-01-07,0.34
Czechia,CZE,2021-01-08,0.43
Czechia,CZE,2021-01-09,0.45
Czechia,CZE,2021-01-10,0.46
Czechia,CZE,2021-01-11,0.56
Czechia,CZE,2021-01-12,0.68
Czechia,CZE,2021-01-13,0.81
Czechia,CZE,2021-01-14,0.95
Czechia,CZE,2021-01-15,1.08
Czechia,CZE,2021-01-16,1.11
Czechia,CZE,2021-01-17,1.14
Czechia,CZE,2021-01-18,1.27
Czechia,CZE,2021-01-19,1.41
Czechia,CZE,2021-01-20,1.56
Czechia,CZE,2021-01-21,1.72
Czechia,CZE,2021-01-22,1.86
Czechia,CZE,2021-01-23,1.9
Czechia,CZE,2021-01-24,1.93
Czechia,CZE,2021-01-25,2.05
Czechia,CZE,2021-01-26,2.18
Czechia,CZE,2021-01-27,2.3
Czechia,CZE,2021-01-28,2.42
Czechia,CZE,2021-01-29,2.55
Czechia,CZE,2021-01-30,2.57
Czechia,CZE,2021-01-31,2.59
Czechia,CZE,2021-02-01,2.69
Czechia,CZE,2021-02-02,2.82
Czechia,CZE,2021-02-03,2.97
Czechia,CZE,2021-02-04,3.13
Czechia,CZE,2021-02-05,3.28
Czechia,CZE,2021-02-06,3.31
Czechia,CZE,2021-02-07,3.34
Czechia,CZE,2021-02-08,3.48
Czechia,CZE,2021-02-09,3.63
Czechia,CZE,2021-02-10,3.8
Czechia,CZE,2021-02-11,4
Czechia,CZE,2021-02-12,4.19
Czechia,CZE,2021-02-13,4.23
Czechia,CZE,2021-02-14,4.25
Czechia,CZE,2021-02-15,4.4
Czechia,CZE,2021-02-16,4.55
Czechia,CZE,2021-02-17,4.7
Czechia,CZE,2021-02-18,4.85
Denmark,DNK,2020-12-27,0.11
Denmark,DNK,2020-12-28,0.15
Denmark,DNK,2020-12-29,0.3
Denmark,DNK,2020-12-30,0.5
Denmark,DNK,2020-12-31,0.61
Denmark,DNK,2021-01-01,0.65
Denmark,DNK,2021-01-02,0.8
Denmark,DNK,2021-01-03,0.9
Denmark,DNK,2021-01-04,0.94
Denmark,DNK,2021-01-05,1.18
Denmark,DNK,2021-01-06,1.52
Denmark,DNK,2021-01-07,1.82
Denmark,DNK,2021-01-08,1.97
Denmark,DNK,2021-01-09,2
Denmark,DNK,2021-01-10,2.02
Denmark,DNK,2021-01-11,2.03
Denmark,DNK,2021-01-12,2.03
Denmark,DNK,2021-01-13,2.25
Denmark,DNK,2021-01-14,2.56
Denmark,DNK,2021-01-15,2.83
Denmark,DNK,2021-01-16,2.91
Denmark,DNK,2021-01-17,2.96
Denmark,DNK,2021-01-18,3.07
Denmark,DNK,2021-01-19,3.15
Denmark,DNK,2021-01-20,3.21
Denmark,DNK,2021-01-21,3.27
Denmark,DNK,2021-01-22,3.38
Denmark,DNK,2021-01-23,3.52
Denmark,DNK,2021-01-24,3.64
Denmark,DNK,2021-01-25,3.69
Denmark,DNK,2021-01-26,3.72
Denmark,DNK,2021-01-27,3.8
Denmark,DNK,2021-01-28,3.95
Denmark,DNK,2021-01-29,4.28
Denmark,DNK,2021-01-30,4.53
Denmark,DNK,2021-01-31,4.76
Denmark,DNK,2021-02-01,4.91
Denmark,DNK,2021-02-02,5
Denmark,DNK,2021-02-03,5.14
Denmark,DNK,2021-02-04,5.35
Denmark,DNK,2021-02-05,5.61
Denmark,DNK,2021-02-06,5.74
Denmark,DNK,2021-02-07,5.84
Denmark,DNK,2021-02-08,6
Denmark,DNK,2021-02-09,6.15
Denmark,DNK,2021-02-10,6.27
Denmark,DNK,2021-02-11,6.41
Denmark,DNK,2021-02-12,6.75
Denmark,DNK,2021-02-13,6.88
Denmark,DNK,2021-02-14,7
Denmark,DNK,2021-02-15,7.29
Denmark,DNK,2021-02-16,7.54
Denmark,DNK,2021-02-17,7.72
Dominican Republic,DOM,2021-02-16,0
Dominican Republic,DOM,2021-02-17,0
Ecuador,ECU,2021-01-21,0
Ecuador,ECU,2021-01-22,0
Ecuador,ECU,2021-01-27,0.02
Ecuador,ECU,2021-02-04,0.04
Ecuador,ECU,2021-02-17,0.05
Egypt,EGY,2021-01-24,0
Egypt,EGY,2021-01-30,0
England,,2020-12-13,0.1
England,,2020-12-20,1.02
England,,2020-12-27,1.5
England,,2021-01-03,2.12
England,,2021-01-10,4.15
England,,2021-01-11,4.4
England,,2021-01-12,4.73
England,,2021-01-13,5.17
England,,2021-01-14,5.67
England,,2021-01-15,6.24
England,,2021-01-16,6.74
England,,2021-01-17,7.01
England,,2021-01-18,7.32
England,,2021-01-19,7.85
England,,2021-01-20,8.42
England,,2021-01-21,9.06
England,,2021-01-22,9.82
England,,2021-01-23,10.61
England,,2021-01-24,10.96
England,,2021-01-25,11.38
England,,2021-01-26,11.84
England,,2021-01-27,12.29
England,,2021-01-28,12.9
England,,2021-01-29,13.68
England,,2021-01-30,14.66
England,,2021-01-31,15.18
England,,2021-02-01,15.68
England,,2021-02-02,16.21
England,,2021-02-03,16.89
England,,2021-02-04,17.59
England,,2021-02-05,18.3
England,,2021-02-06,19.12
England,,2021-02-07,19.53
England,,2021-02-08,19.98
England,,2021-02-09,20.54
England,,2021-02-10,21.14
England,,2021-02-11,21.84
England,,2021-02-12,22.62
England,,2021-02-13,23.39
England,,2021-02-14,23.72
England,,2021-02-15,24.12
England,,2021-02-16,24.68
England,,2021-02-17,25.44
Estonia,EST,2020-12-28,0.02
Estonia,EST,2020-12-29,0.04
Estonia,EST,2020-12-30,0.07
Estonia,EST,2020-12-31,0.14
Estonia,EST,2021-01-01,0.19
Estonia,EST,2021-01-03,0.19
Estonia,EST,2021-01-04,0.19
Estonia,EST,2021-01-05,0.24
Estonia,EST,2021-01-06,0.38
Estonia,EST,2021-01-07,0.5
Estonia,EST,2021-01-08,0.6
Estonia,EST,2021-01-09,0.77
Estonia,EST,2021-01-10,0.81
Estonia,EST,2021-01-11,0.83
Estonia,EST,2021-01-12,0.9
Estonia,EST,2021-01-13,1.02
Estonia,EST,2021-01-14,1.12
Estonia,EST,2021-01-15,1.26
Estonia,EST,2021-01-16,1.35
Estonia,EST,2021-01-17,1.37
Estonia,EST,2021-01-18,1.38
Estonia,EST,2021-01-19,1.46
Estonia,EST,2021-01-20,1.54
Estonia,EST,2021-01-21,1.66
Estonia,EST,2021-01-22,1.82
Estonia,EST,2021-01-23,1.94
Estonia,EST,2021-01-24,1.96
Estonia,EST,2021-01-25,1.97
Estonia,EST,2021-01-26,2.05
Estonia,EST,2021-01-27,2.23
Estonia,EST,2021-01-28,2.38
Estonia,EST,2021-01-29,2.56
Estonia,EST,2021-01-30,2.81
Estonia,EST,2021-01-31,2.87
Estonia,EST,2021-02-01,2.91
Estonia,EST,2021-02-02,3.03
Estonia,EST,2021-02-03,3.24
Estonia,EST,2021-02-04,3.48
Estonia,EST,2021-02-05,3.75
Estonia,EST,2021-02-06,3.99
Estonia,EST,2021-02-07,4.03
Estonia,EST,2021-02-08,4.03
Estonia,EST,2021-02-10,4.39
Estonia,EST,2021-02-11,4.66
Estonia,EST,2021-02-12,4.96
Estonia,EST,2021-02-13,5.14
Estonia,EST,2021-02-14,5.16
Estonia,EST,2021-02-15,5.16
Estonia,EST,2021-02-16,5.23
Estonia,EST,2021-02-17,5.41
Estonia,EST,2021-02-18,5.73
European Union,,2020-12-27,0.01
European Union,,2020-12-28,0.02
European Union,,2020-12-29,0.04
European Union,,2020-12-30,0.07
European Union,,2020-12-31,0.09
European Union,,2021-01-01,0.1
European Union,,2021-01-02,0.12
European Union,,2021-01-03,0.15
European Union,,2021-01-04,0.21
European Union,,2021-01-05,0.27
European Union,,2021-01-06,0.33
European Union,,2021-01-07,0.42
European Union,,2021-01-08,0.51
European Union,,2021-01-09,0.55
European Union,,2021-01-10,0.6
European Union,,2021-01-11,0.69
European Union,,2021-01-12,0.79
European Union,,2021-01-13,0.92
European Union,,2021-01-14,1.04
European Union,,2021-01-15,1.16
European Union,,2021-01-16,1.21
European Union,,2021-01-17,1.27
European Union,,2021-01-18,1.38
European Union,,2021-01-19,1.48
European Union,,2021-01-20,1.62
European Union,,2021-01-21,1.75
European Union,,2021-01-22,1.89
European Union,,2021-01-23,1.96
European Union,,2021-01-24,2.04
European Union,,2021-01-25,2.16
European Union,,2021-01-26,2.3
European Union,,2021-01-27,2.44
European Union,,2021-01-28,2.59
European Union,,2021-01-29,2.72
European Union,,2021-01-30,2.8
European Union,,2021-01-31,2.91
European Union,,2021-02-01,3.05
European Union,,2021-02-02,3.2
European Union,,2021-02-03,3.38
European Union,,2021-02-04,3.57
European Union,,2021-02-05,3.71
European Union,,2021-02-06,3.8
European Union,,2021-02-07,3.9
European Union,,2021-02-08,4
European Union,,2021-02-09,4.16
European Union,,2021-02-10,4.31
European Union,,2021-02-11,4.53
European Union,,2021-02-12,4.71
European Union,,2021-02-13,4.81
European Union,,2021-02-14,4.9
European Union,,2021-02-15,5.04
European Union,,2021-02-16,5.2
European Union,,2021-02-17,5.4
European Union,,2021-02-18,5.55
Faeroe Islands,FRO,2021-01-29,8.17
Faeroe Islands,FRO,2021-02-06,9.53
Faeroe Islands,FRO,2021-02-08,9.79
Faeroe Islands,FRO,2021-02-10,10.96
Finland,FIN,2020-12-31,0.03
Finland,FIN,2021-01-04,0.07
Finland,FIN,2021-01-05,0.1
Finland,FIN,2021-01-07,0.15
Finland,FIN,2021-01-08,0.2
Finland,FIN,2021-01-11,0.26
Finland,FIN,2021-01-12,0.32
Finland,FIN,2021-01-13,0.42
Finland,FIN,2021-01-14,0.6
Finland,FIN,2021-01-15,0.78
Finland,FIN,2021-01-18,0.98
Finland,FIN,2021-01-19,1.01
Finland,FIN,2021-01-20,1.12
Finland,FIN,2021-01-21,1.41
Finland,FIN,2021-01-22,1.65
Finland,FIN,2021-01-25,2
Finland,FIN,2021-01-26,2.11
Finland,FIN,2021-01-27,2.29
Finland,FIN,2021-01-28,2.5
Finland,FIN,2021-01-29,2.74
Finland,FIN,2021-01-30,2.93
Finland,FIN,2021-02-01,2.96
Finland,FIN,2021-02-02,2.96
Finland,FIN,2021-02-03,3.13
Finland,FIN,2021-02-04,3.5
Finland,FIN,2021-02-05,3.74
Finland,FIN,2021-02-06,3.93
Finland,FIN,2021-02-07,3.97
Finland,FIN,2021-02-08,3.98
Finland,FIN,2021-02-09,4.1
Finland,FIN,2021-02-10,4.22
Finland,FIN,2021-02-11,4.47
Finland,FIN,2021-02-12,4.72
Finland,FIN,2021-02-13,4.93
Finland,FIN,2021-02-14,4.99
Finland,FIN,2021-02-15,5
Finland,FIN,2021-02-16,5.12
Finland,FIN,2021-02-17,5.38
Finland,FIN,2021-02-18,5.67
France,FRA,2020-12-27,0
France,FRA,2020-12-28,0
France,FRA,2020-12-29,0
France,FRA,2020-12-30,0
France,FRA,2020-12-31,0
France,FRA,2021-01-01,0
France,FRA,2021-01-02,0
France,FRA,2021-01-03,0
France,FRA,2021-01-04,0
France,FRA,2021-01-05,0.01
France,FRA,2021-01-06,0.03
France,FRA,2021-01-07,0.06
France,FRA,2021-01-08,0.11
France,FRA,2021-01-09,0.13
France,FRA,2021-01-10,0.14
France,FRA,2021-01-11,0.18
France,FRA,2021-01-12,0.26
France,FRA,2021-01-13,0.35
France,FRA,2021-01-14,0.45
France,FRA,2021-01-15,0.54
France,FRA,2021-01-16,0.56
France,FRA,2021-01-17,0.58
France,FRA,2021-01-18,0.69
France,FRA,2021-01-19,0.86
France,FRA,2021-01-20,1.05
France,FRA,2021-01-21,1.25
France,FRA,2021-01-22,1.41
France,FRA,2021-01-23,1.47
France,FRA,2021-01-24,1.48
France,FRA,2021-01-25,1.58
France,FRA,2021-01-26,1.73
France,FRA,2021-01-27,1.88
France,FRA,2021-01-28,2.06
France,FRA,2021-01-29,2.2
France,FRA,2021-01-30,2.25
France,FRA,2021-01-31,2.26
France,FRA,2021-02-01,2.37
France,FRA,2021-02-02,2.53
France,FRA,2021-02-03,2.69
France,FRA,2021-02-04,2.89
France,FRA,2021-02-05,3.06
France,FRA,2021-02-06,3.11
France,FRA,2021-02-07,3.13
France,FRA,2021-02-08,3.27
France,FRA,2021-02-09,3.47
France,FRA,2021-02-10,3.69
France,FRA,2021-02-11,3.96
France,FRA,2021-02-12,4.19
France,FRA,2021-02-13,4.25
France,FRA,2021-02-14,4.27
France,FRA,2021-02-15,4.44
France,FRA,2021-02-16,4.68
France,FRA,2021-02-17,4.91
Germany,DEU,2020-12-27,0.03
Germany,DEU,2020-12-28,0.05
Germany,DEU,2020-12-29,0.1
Germany,DEU,2020-12-30,0.17
Germany,DEU,2020-12-31,0.22
Germany,DEU,2021-01-01,0.25
Germany,DEU,2021-01-02,0.31
Germany,DEU,2021-01-03,0.34
Germany,DEU,2021-01-04,0.4
Germany,DEU,2021-01-05,0.46
Germany,DEU,2021-01-06,0.53
Germany,DEU,2021-01-07,0.6
Germany,DEU,2021-01-08,0.67
Germany,DEU,2021-01-09,0.74
Germany,DEU,2021-01-10,0.78
Germany,DEU,2021-01-11,0.86
Germany,DEU,2021-01-12,0.95
Germany,DEU,2021-01-13,1.07
Germany,DEU,2021-01-14,1.19
Germany,DEU,2021-01-15,1.3
Germany,DEU,2021-01-16,1.37
Germany,DEU,2021-01-17,1.42
Germany,DEU,2021-01-18,1.51
Germany,DEU,2021-01-19,1.62
Germany,DEU,2021-01-20,1.78
Germany,DEU,2021-01-21,1.89
Germany,DEU,2021-01-22,2.03
Germany,DEU,2021-01-23,2.14
Germany,DEU,2021-01-24,2.21
Germany,DEU,2021-01-25,2.33
Germany,DEU,2021-01-26,2.45
Germany,DEU,2021-01-27,2.59
Germany,DEU,2021-01-28,2.71
Germany,DEU,2021-01-29,2.84
Germany,DEU,2021-01-30,2.94
Germany,DEU,2021-01-31,3.01
Germany,DEU,2021-02-01,3.15
Germany,DEU,2021-02-02,3.3
Germany,DEU,2021-02-03,3.46
Germany,DEU,2021-02-04,3.62
Germany,DEU,2021-02-05,3.78
Germany,DEU,2021-02-06,3.9
Germany,DEU,2021-02-07,3.97
Germany,DEU,2021-02-08,4.09
Germany,DEU,2021-02-09,4.25
Germany,DEU,2021-02-10,4.42
Germany,DEU,2021-02-11,4.59
Germany,DEU,2021-02-12,4.78
Germany,DEU,2021-02-13,4.91
Germany,DEU,2021-02-14,4.99
Germany,DEU,2021-02-15,5.14
Germany,DEU,2021-02-16,5.3
Germany,DEU,2021-02-17,5.47
Germany,DEU,2021-02-18,5.63
Gibraltar,GIB,2021-01-10,1.25
Gibraltar,GIB,2021-01-11,4.29
Gibraltar,GIB,2021-01-12,7.42
Gibraltar,GIB,2021-01-15,15.24
Gibraltar,GIB,2021-01-16,17.35
Gibraltar,GIB,2021-01-17,17.35
Gibraltar,GIB,2021-01-18,19.1
Gibraltar,GIB,2021-01-19,20.83
Gibraltar,GIB,2021-01-20,20.83
Gibraltar,GIB,2021-01-21,23.59
Gibraltar,GIB,2021-01-22,26.35
Gibraltar,GIB,2021-01-23,29.11
Gibraltar,GIB,2021-01-24,30.69
Gibraltar,GIB,2021-01-25,31.28
Gibraltar,GIB,2021-01-26,32.87
Gibraltar,GIB,2021-01-27,34.45
Gibraltar,GIB,2021-01-28,36.6
Gibraltar,GIB,2021-01-29,38.19
Gibraltar,GIB,2021-01-30,38.19
Gibraltar,GIB,2021-01-31,39.43
Gibraltar,GIB,2021-02-01,42.44
Gibraltar,GIB,2021-02-02,45.68
Gibraltar,GIB,2021-02-03,48.02
Gibraltar,GIB,2021-02-04,51.02
Gibraltar,GIB,2021-02-05,54.24
Gibraltar,GIB,2021-02-06,56.61
Gibraltar,GIB,2021-02-07,56.61
Gibraltar,GIB,2021-02-08,59.49
Gibraltar,GIB,2021-02-09,62.39
Gibraltar,GIB,2021-02-10,65.3
Gibraltar,GIB,2021-02-11,68.57
Gibraltar,GIB,2021-02-12,71.81
Gibraltar,GIB,2021-02-13,75.06
Gibraltar,GIB,2021-02-14,77
Gibraltar,GIB,2021-02-15,78.3
Gibraltar,GIB,2021-02-16,80.24
Gibraltar,GIB,2021-02-17,82.18
Greece,GRC,2020-12-28,0
Greece,GRC,2020-12-29,0.01
Greece,GRC,2020-12-30,0.02
Greece,GRC,2020-12-31,0.02
Greece,GRC,2021-01-01,0.02
Greece,GRC,2021-01-02,0.03
Greece,GRC,2021-01-03,0.04
Greece,GRC,2021-01-04,0.1
Greece,GRC,2021-01-05,0.16
Greece,GRC,2021-01-06,0.2
Greece,GRC,2021-01-07,0.25
Greece,GRC,2021-01-08,0.34
Greece,GRC,2021-01-09,0.39
Greece,GRC,2021-01-10,0.43
Greece,GRC,2021-01-11,0.48
Greece,GRC,2021-01-12,0.54
Greece,GRC,2021-01-13,0.62
Greece,GRC,2021-01-14,0.68
Greece,GRC,2021-01-15,0.72
Greece,GRC,2021-01-16,0.77
Greece,GRC,2021-01-18,0.82
Greece,GRC,2021-01-19,0.91
Greece,GRC,2021-01-20,1.05
Greece,GRC,2021-01-21,1.21
Greece,GRC,2021-01-22,1.38
Greece,GRC,2021-01-23,1.54
Greece,GRC,2021-01-25,1.73
Greece,GRC,2021-01-26,1.9
Greece,GRC,2021-01-27,2.07
Greece,GRC,2021-01-28,2.25
Greece,GRC,2021-01-29,2.43
Greece,GRC,2021-01-30,2.6
Greece,GRC,2021-02-01,2.82
Greece,GRC,2021-02-02,3.03
Greece,GRC,2021-02-03,3.24
Greece,GRC,2021-02-04,3.45
Greece,GRC,2021-02-05,3.65
Greece,GRC,2021-02-06,3.82
Greece,GRC,2021-02-08,4.01
Greece,GRC,2021-02-09,4.2
Greece,GRC,2021-02-10,4.41
Greece,GRC,2021-02-11,4.63
Greece,GRC,2021-02-12,4.85
Greece,GRC,2021-02-13,5.05
Greece,GRC,2021-02-15,5.32
Greece,GRC,2021-02-16,5.52
Greece,GRC,2021-02-17,5.79
Greece,GRC,2021-02-18,6.08
Greenland,GRL,2021-01-27,4.55
Guernsey,GGY,2021-01-24,9.95
Guernsey,GGY,2021-02-06,14.83
Guernsey,GGY,2021-02-18,22.57
Guyana,GUY,2021-02-11,0
Guyana,GUY,2021-02-15,0.08
Hungary,HUN,2020-12-28,0.01
Hungary,HUN,2020-12-29,0.03
Hungary,HUN,2020-12-30,0.04
Hungary,HUN,2020-12-31,0.05
Hungary,HUN,2021-01-03,0.12
Hungary,HUN,2021-01-04,0.16
Hungary,HUN,2021-01-05,0.22
Hungary,HUN,2021-01-06,0.33
Hungary,HUN,2021-01-07,0.44
Hungary,HUN,2021-01-10,0.73
Hungary,HUN,2021-01-11,0.81
Hungary,HUN,2021-01-12,0.9
Hungary,HUN,2021-01-13,0.99
Hungary,HUN,2021-01-14,1.09
Hungary,HUN,2021-01-15,1.17
Hungary,HUN,2021-01-16,1.24
Hungary,HUN,2021-01-17,1.28
Hungary,HUN,2021-01-18,1.36
Hungary,HUN,2021-01-19,1.38
Hungary,HUN,2021-01-20,1.43
Hungary,HUN,2021-01-21,1.5
Hungary,HUN,2021-01-22,1.55
Hungary,HUN,2021-01-23,1.59
Hungary,HUN,2021-01-24,1.62
Hungary,HUN,2021-01-25,1.68
Hungary,HUN,2021-01-26,1.76
Hungary,HUN,2021-01-27,1.94
Hungary,HUN,2021-01-28,2.2
Hungary,HUN,2021-01-29,2.57
Hungary,HUN,2021-01-30,2.89
Hungary,HUN,2021-01-31,3.1
Hungary,HUN,2021-02-01,3.23
Hungary,HUN,2021-02-02,3.34
Hungary,HUN,2021-02-03,3.46
Hungary,HUN,2021-02-04,3.7
Hungary,HUN,2021-02-05,3.94
Hungary,HUN,2021-02-06,4.05
Hungary,HUN,2021-02-07,4.11
Hungary,HUN,2021-02-08,4.16
Hungary,HUN,2021-02-09,4.2
Hungary,HUN,2021-02-10,4.26
Hungary,HUN,2021-02-11,4.46
Hungary,HUN,2021-02-12,4.71
Hungary,HUN,2021-02-13,4.8
Hungary,HUN,2021-02-14,4.82
Hungary,HUN,2021-02-15,4.9
Hungary,HUN,2021-02-16,5.01
Hungary,HUN,2021-02-17,5.24
Iceland,ISL,2020-12-30,1.43
Iceland,ISL,2021-01-20,1.82
Iceland,ISL,2021-01-25,4.46
Iceland,ISL,2021-01-27,4.55
Iceland,ISL,2021-02-03,4.97
Iceland,ISL,2021-02-05,5.13
Iceland,ISL,2021-02-08,5.17
Iceland,ISL,2021-02-12,5.75
Iceland,ISL,2021-02-15,5.82
Iceland,ISL,2021-02-16,5.87
Iceland,ISL,2021-02-17,6.32
Iceland,ISL,2021-02-18,7.28
India,IND,2021-01-15,0
India,IND,2021-01-16,0.01
India,IND,2021-01-17,0.02
India,IND,2021-01-18,0.03
India,IND,2021-01-19,0.05
India,IND,2021-01-20,0.06
India,IND,2021-01-21,0.08
India,IND,2021-01-22,0.1
India,IND,2021-01-23,0.11
India,IND,2021-01-24,0.12
India,IND,2021-01-25,0.15
India,IND,2021-01-26,0.15
India,IND,2021-01-27,0.17
India,IND,2021-01-28,0.21
India,IND,2021-01-29,0.25
India,IND,2021-01-30,0.27
India,IND,2021-01-31,0.27
India,IND,2021-02-01,0.29
India,IND,2021-02-02,0.3
India,IND,2021-02-03,0.32
India,IND,2021-02-04,0.36
India,IND,2021-02-05,0.39
India,IND,2021-02-06,0.42
India,IND,2021-02-07,0.42
India,IND,2021-02-08,0.45
India,IND,2021-02-09,0.48
India,IND,2021-02-10,0.51
India,IND,2021-02-11,0.54
India,IND,2021-02-12,0.58
India,IND,2021-02-13,0.6
India,IND,2021-02-14,0.6
India,IND,2021-02-15,0.63
India,IND,2021-02-16,0.65
India,IND,2021-02-17,0.68
India,IND,2021-02-18,0.74
Indonesia,IDN,2021-01-12,0
Indonesia,IDN,2021-01-22,0.05
Indonesia,IDN,2021-01-24,0.05
Indonesia,IDN,2021-01-25,0.06
Indonesia,IDN,2021-01-26,0.09
Indonesia,IDN,2021-01-27,0.11
Indonesia,IDN,2021-01-28,0.14
Indonesia,IDN,2021-01-29,0.15
Indonesia,IDN,2021-01-30,0.18
Indonesia,IDN,2021-01-31,0.19
Indonesia,IDN,2021-02-01,0.21
Indonesia,IDN,2021-02-02,0.24
Indonesia,IDN,2021-02-03,0.26
Indonesia,IDN,2021-02-04,0.29
Indonesia,IDN,2021-02-05,0.32
Indonesia,IDN,2021-02-06,0.33
Indonesia,IDN,2021-02-07,0.34
Indonesia,IDN,2021-02-08,0.36
Indonesia,IDN,2021-02-09,0.39
Indonesia,IDN,2021-02-10,0.46
Indonesia,IDN,2021-02-11,0.5
Indonesia,IDN,2021-02-13,0.54
Indonesia,IDN,2021-02-14,0.55
Indonesia,IDN,2021-02-15,0.58
Indonesia,IDN,2021-02-16,0.61
Indonesia,IDN,2021-02-17,0.64
Indonesia,IDN,2021-02-18,0.65
Iran,IRN,2021-02-08,0
Iran,IRN,2021-02-09,0
Iran,IRN,2021-02-17,0.01
Ireland,IRL,2020-12-31,0.04
Ireland,IRL,2021-01-04,0.08
Ireland,IRL,2021-01-07,0.31
Ireland,IRL,2021-01-10,0.81
Ireland,IRL,2021-01-13,1.57
Ireland,IRL,2021-01-17,1.9
Ireland,IRL,2021-01-20,2.47
Ireland,IRL,2021-01-24,2.9
Ireland,IRL,2021-01-27,3.27
Ireland,IRL,2021-01-31,4.05
Ireland,IRL,2021-02-05,4.67
Ireland,IRL,2021-02-07,4.87
Ireland,IRL,2021-02-08,4.93
Ireland,IRL,2021-02-09,5.03
Ireland,IRL,2021-02-10,5.2
Ireland,IRL,2021-02-11,5.29
Ireland,IRL,2021-02-12,5.37
Ireland,IRL,2021-02-13,5.44
Ireland,IRL,2021-02-14,5.51
Ireland,IRL,2021-02-15,5.68
Isle of Man,IMN,2021-01-21,4.18
Isle of Man,IMN,2021-01-22,4.29
Isle of Man,IMN,2021-01-25,4.95
Isle of Man,IMN,2021-01-26,5.75
Isle of Man,IMN,2021-01-27,6.57
Isle of Man,IMN,2021-01-28,7.39
Isle of Man,IMN,2021-01-29,8.07
Isle of Man,IMN,2021-02-02,9.76
Isle of Man,IMN,2021-02-03,11.25
Isle of Man,IMN,2021-02-04,12.01
Isle of Man,IMN,2021-02-05,12.02
Isle of Man,IMN,2021-02-06,12.76
Isle of Man,IMN,2021-02-07,13.23
Isle of Man,IMN,2021-02-08,13.71
Isle of Man,IMN,2021-02-09,14.14
Isle of Man,IMN,2021-02-10,14.63
Isle of Man,IMN,2021-02-11,15.07
Isle of Man,IMN,2021-02-12,15.07
Isle of Man,IMN,2021-02-13,15.87
Isle of Man,IMN,2021-02-14,16.15
Isle of Man,IMN,2021-02-16,16.78
Isle of Man,IMN,2021-02-17,17.41
Isle of Man,IMN,2021-02-18,17.99
Israel,ISR,2020-12-19,0
Israel,ISR,2020-12-20,0.09
Israel,ISR,2020-12-21,0.37
Israel,ISR,2020-12-22,0.89
Israel,ISR,2020-12-23,1.62
Israel,ISR,2020-12-24,2.46
Israel,ISR,2020-12-25,2.91
Israel,ISR,2020-12-26,3.29
Israel,ISR,2020-12-27,4.51
Israel,ISR,2020-12-28,6.07
Israel,ISR,2020-12-29,7.89
Israel,ISR,2020-12-30,9.67
Israel,ISR,2020-12-31,11.52
Israel,ISR,2021-01-01,12.35
Israel,ISR,2021-01-02,13.18
Israel,ISR,2021-01-03,14.93
Israel,ISR,2021-01-04,16.69
Israel,ISR,2021-01-05,18.16
Israel,ISR,2021-01-06,19.37
Israel,ISR,2021-01-07,20.72
Israel,ISR,2021-01-08,21.5
Israel,ISR,2021-01-09,22.02
Israel,ISR,2021-01-10,22.53
Israel,ISR,2021-01-11,23
Israel,ISR,2021-01-12,23.69
Israel,ISR,2021-01-13,24.95
Israel,ISR,2021-01-14,26.4
Israel,ISR,2021-01-15,27.17
Israel,ISR,2021-01-16,27.82
Israel,ISR,2021-01-17,29.58
Israel,ISR,2021-01-18,31.77
Israel,ISR,2021-01-19,34.2
Israel,ISR,2021-01-20,36.73
Israel,ISR,2021-01-21,39.43
Israel,ISR,2021-01-22,40.68
Israel,ISR,2021-01-23,41.75
Israel,ISR,2021-01-24,44.17
Israel,ISR,2021-01-25,46.7
Israel,ISR,2021-01-26,49.06
Israel,ISR,2021-01-27,51.39
Israel,ISR,2021-01-28,53.81
Israel,ISR,2021-01-29,54.98
Israel,ISR,2021-01-30,55.86
Israel,ISR,2021-01-31,57.39
Israel,ISR,2021-02-01,58.74
Israel,ISR,2021-02-02,59.9
Israel,ISR,2021-02-03,61.18
Israel,ISR,2021-02-04,62.68
Israel,ISR,2021-02-05,63.4
Israel,ISR,2021-02-06,63.9
Israel,ISR,2021-02-07,65.31
Israel,ISR,2021-02-08,66.73
Israel,ISR,2021-02-09,68.27
Israel,ISR,2021-02-10,69.91
Israel,ISR,2021-02-11,71.66
Israel,ISR,2021-02-12,72.53
Israel,ISR,2021-02-13,73.2
Israel,ISR,2021-02-14,74.85
Israel,ISR,2021-02-15,76.66
Israel,ISR,2021-02-16,78.5
Israel,ISR,2021-02-17,80.07
Israel,ISR,2021-02-18,81.78
Italy,ITA,2020-12-27,0.01
Italy,ITA,2020-12-28,0.01
Italy,ITA,2020-12-29,0.01
Italy,ITA,2020-12-30,0.02
Italy,ITA,2020-12-31,0.06
Italy,ITA,2021-01-01,0.08
Italy,ITA,2021-01-02,0.15
Italy,ITA,2021-01-03,0.2
Italy,ITA,2021-01-04,0.32
Italy,ITA,2021-01-05,0.45
Italy,ITA,2021-01-06,0.56
Italy,ITA,2021-01-07,0.71
Italy,ITA,2021-01-08,0.87
Italy,ITA,2021-01-09,1.01
Italy,ITA,2021-01-10,1.11
Italy,ITA,2021-01-11,1.24
Italy,ITA,2021-01-12,1.38
Italy,ITA,2021-01-13,1.53
Italy,ITA,2021-01-14,1.68
Italy,ITA,2021-01-15,1.83
Italy,ITA,2021-01-16,1.93
Italy,ITA,2021-01-17,1.99
Italy,ITA,2021-01-18,2.06
Italy,ITA,2021-01-19,2.12
Italy,ITA,2021-01-20,2.17
Italy,ITA,2021-01-21,2.22
Italy,ITA,2021-01-22,2.27
Italy,ITA,2021-01-23,2.33
Italy,ITA,2021-01-24,2.38
Italy,ITA,2021-01-25,2.5
Italy,ITA,2021-01-26,2.63
Italy,ITA,2021-01-27,2.74
Italy,ITA,2021-01-28,2.9
Italy,ITA,2021-01-29,3.06
Italy,ITA,2021-01-30,3.21
Italy,ITA,2021-01-31,3.3
Italy,ITA,2021-02-01,3.44
Italy,ITA,2021-02-02,3.59
Italy,ITA,2021-02-03,3.75
Italy,ITA,2021-02-04,3.92
Italy,ITA,2021-02-05,4.09
Italy,ITA,2021-02-06,4.22
Italy,ITA,2021-02-07,4.28
Italy,ITA,2021-02-08,4.39
Italy,ITA,2021-02-09,4.5
Italy,ITA,2021-02-10,4.62
Italy,ITA,2021-02-11,4.73
Italy,ITA,2021-02-12,4.85
Italy,ITA,2021-02-13,4.94
Italy,ITA,2021-02-14,4.98
Italy,ITA,2021-02-15,5.08
Italy,ITA,2021-02-16,5.2
Italy,ITA,2021-02-17,5.32
Italy,ITA,2021-02-18,5.46
Japan,JPN,2021-02-17,0
Japan,JPN,2021-02-18,0
Jersey,JEY,2021-01-24,11.26
Jersey,JEY,2021-01-31,14.68
Jersey,JEY,2021-02-07,20.78
Jersey,JEY,2021-02-14,25.68
Kuwait,KWT,2020-12-28,0.06
Kuwait,KWT,2021-01-26,0.82
Kuwait,KWT,2021-02-15,3.21
Latvia,LVA,2021-01-18,0.89
Latvia,LVA,2021-01-19,0.94
Latvia,LVA,2021-01-20,0.98
Latvia,LVA,2021-01-21,0.99
Latvia,LVA,2021-01-22,1
Latvia,LVA,2021-01-25,1.05
Latvia,LVA,2021-01-26,1.09
Latvia,LVA,2021-01-27,1.13
Latvia,LVA,2021-01-28,1.18
Latvia,LVA,2021-01-29,1.23
Latvia,LVA,2021-01-30,1.24
Latvia,LVA,2021-02-01,1.32
Latvia,LVA,2021-02-02,1.42
Latvia,LVA,2021-02-03,1.51
Latvia,LVA,2021-02-04,1.58
Latvia,LVA,2021-02-05,1.67
Latvia,LVA,2021-02-06,1.7
Latvia,LVA,2021-02-07,1.71
Latvia,LVA,2021-02-08,1.73
Latvia,LVA,2021-02-09,1.74
Latvia,LVA,2021-02-10,1.77
Latvia,LVA,2021-02-11,1.87
Latvia,LVA,2021-02-12,1.96
Latvia,LVA,2021-02-13,1.98
Latvia,LVA,2021-02-14,1.98
Latvia,LVA,2021-02-15,2.02
Latvia,LVA,2021-02-16,2.09
Latvia,LVA,2021-02-17,2.18
Latvia,LVA,2021-02-18,2.23
Liechtenstein,LIE,2021-02-03,2.18
Liechtenstein,LIE,2021-02-10,2.67
Liechtenstein,LIE,2021-02-14,3.05
Lithuania,LTU,2020-12-27,0.09
Lithuania,LTU,2020-12-28,0.19
Lithuania,LTU,2020-12-29,0.3
Lithuania,LTU,2020-12-30,0.36
Lithuania,LTU,2020-12-31,0.36
Lithuania,LTU,2021-01-05,0.38
Lithuania,LTU,2021-01-06,0.51
Lithuania,LTU,2021-01-07,0.66
Lithuania,LTU,2021-01-08,0.85
Lithuania,LTU,2021-01-09,0.86
Lithuania,LTU,2021-01-10,0.86
Lithuania,LTU,2021-01-11,0.94
Lithuania,LTU,2021-01-12,1.02
Lithuania,LTU,2021-01-13,1.25
Lithuania,LTU,2021-01-14,1.56
Lithuania,LTU,2021-01-15,1.83
Lithuania,LTU,2021-01-16,1.87
Lithuania,LTU,2021-01-17,1.91
Lithuania,LTU,2021-01-18,2.08
Lithuania,LTU,2021-01-19,2.31
Lithuania,LTU,2021-01-20,2.44
Lithuania,LTU,2021-01-21,2.49
Lithuania,LTU,2021-01-22,2.51
Lithuania,LTU,2021-01-23,2.51
Lithuania,LTU,2021-01-25,2.51
Lithuania,LTU,2021-01-26,2.62
Lithuania,LTU,2021-01-27,2.88
Lithuania,LTU,2021-01-28,3.14
Lithuania,LTU,2021-01-29,3.43
Lithuania,LTU,2021-01-30,3.46
Lithuania,LTU,2021-01-31,3.46
Lithuania,LTU,2021-02-01,3.56
Lithuania,LTU,2021-02-02,3.7
Lithuania,LTU,2021-02-03,3.95
Lithuania,LTU,2021-02-04,4.31
Lithuania,LTU,2021-02-05,4.57
Lithuania,LTU,2021-02-06,4.6
Lithuania,LTU,2021-02-07,4.6
Lithuania,LTU,2021-02-08,4.7
Lithuania,LTU,2021-02-09,4.8
Lithuania,LTU,2021-02-10,5.03
Lithuania,LTU,2021-02-11,5.36
Lithuania,LTU,2021-02-12,5.62
Lithuania,LTU,2021-02-13,5.64
Lithuania,LTU,2021-02-15,5.81
Lithuania,LTU,2021-02-16,5.83
Lithuania,LTU,2021-02-17,6.12
Lithuania,LTU,2021-02-18,6.48
Luxembourg,LUX,2020-12-30,0.19
Luxembourg,LUX,2021-01-11,0.31
Luxembourg,LUX,2021-01-12,0.38
Luxembourg,LUX,2021-01-13,0.46
Luxembourg,LUX,2021-01-14,0.52
Luxembourg,LUX,2021-01-17,0.6
Luxembourg,LUX,2021-01-18,0.73
Luxembourg,LUX,2021-01-19,0.85
Luxembourg,LUX,2021-01-20,0.99
Luxembourg,LUX,2021-01-21,1.1
Luxembourg,LUX,2021-01-25,1.37
Luxembourg,LUX,2021-01-26,1.52
Luxembourg,LUX,2021-01-27,1.67
Luxembourg,LUX,2021-01-28,1.82
Luxembourg,LUX,2021-01-31,1.99
Luxembourg,LUX,2021-02-01,2.12
Luxembourg,LUX,2021-02-02,2.28
Luxembourg,LUX,2021-02-03,2.46
Luxembourg,LUX,2021-02-04,2.62
Luxembourg,LUX,2021-02-07,2.82
Luxembourg,LUX,2021-02-08,2.9
Luxembourg,LUX,2021-02-09,2.98
Luxembourg,LUX,2021-02-10,3.18
Luxembourg,LUX,2021-02-11,3.42
Luxembourg,LUX,2021-02-14,3.66
Luxembourg,LUX,2021-02-15,3.84
Luxembourg,LUX,2021-02-16,4.14
Luxembourg,LUX,2021-02-17,4.33
Macao,MAC,2021-02-08,0
Macao,MAC,2021-02-09,0.09
Macao,MAC,2021-02-18,0.31
Maldives,MDV,2021-02-02,0.16
Maldives,MDV,2021-02-03,0.29
Maldives,MDV,2021-02-04,0.59
Maldives,MDV,2021-02-05,0.79
Maldives,MDV,2021-02-06,1.27
Maldives,MDV,2021-02-07,1.8
Maldives,MDV,2021-02-08,2.39
Maldives,MDV,2021-02-09,3.01
Maldives,MDV,2021-02-10,3.73
Maldives,MDV,2021-02-11,4.69
Maldives,MDV,2021-02-12,5.06
Maldives,MDV,2021-02-13,6.12
Maldives,MDV,2021-02-14,7.14
Maldives,MDV,2021-02-15,8.11
Maldives,MDV,2021-02-16,9.26
Malta,MLT,2021-01-17,2.65
Malta,MLT,2021-01-18,2.94
Malta,MLT,2021-01-19,3.23
Malta,MLT,2021-01-20,3.47
Malta,MLT,2021-01-21,3.74
Malta,MLT,2021-01-22,4.02
Malta,MLT,2021-01-23,4.29
Malta,MLT,2021-01-24,4.53
Malta,MLT,2021-01-25,4.8
Malta,MLT,2021-01-26,5.07
Malta,MLT,2021-01-27,5.33
Malta,MLT,2021-01-28,5.59
Malta,MLT,2021-01-29,5.85
Malta,MLT,2021-01-30,6.08
Malta,MLT,2021-01-31,6.29
Malta,MLT,2021-02-01,6.57
Malta,MLT,2021-02-02,6.85
Malta,MLT,2021-02-03,7.16
Malta,MLT,2021-02-04,7.58
Malta,MLT,2021-02-05,8.08
Malta,MLT,2021-02-06,8.51
Malta,MLT,2021-02-07,8.89
Malta,MLT,2021-02-08,9.35
Malta,MLT,2021-02-09,9.81
Malta,MLT,2021-02-10,10.1
Malta,MLT,2021-02-11,10.5
Malta,MLT,2021-02-12,10.98
Malta,MLT,2021-02-13,11.36
Malta,MLT,2021-02-14,11.7
Malta,MLT,2021-02-15,12.15
Malta,MLT,2021-02-16,12.62
Malta,MLT,2021-02-17,13.06
Mauritius,MUS,2021-01-25,0
Mauritius,MUS,2021-02-01,0.02
Mexico,MEX,2020-12-24,0
Mexico,MEX,2020-12-27,0.01
Mexico,MEX,2020-12-28,0.01
Mexico,MEX,2020-12-29,0.01
Mexico,MEX,2020-12-30,0.02
Mexico,MEX,2021-01-04,0.03
Mexico,MEX,2021-01-05,0.04
Mexico,MEX,2021-01-06,0.04
Mexico,MEX,2021-01-07,0.05
Mexico,MEX,2021-01-08,0.05
Mexico,MEX,2021-01-09,0.06
Mexico,MEX,2021-01-10,0.06
Mexico,MEX,2021-01-11,0.07
Mexico,MEX,2021-01-12,0.07
Mexico,MEX,2021-01-13,0.15
Mexico,MEX,2021-01-14,0.26
Mexico,MEX,2021-01-15,0.32
Mexico,MEX,2021-01-16,0.36
Mexico,MEX,2021-01-17,0.37
Mexico,MEX,2021-01-18,0.38
Mexico,MEX,2021-01-19,0.39
Mexico,MEX,2021-01-20,0.39
Mexico,MEX,2021-01-21,0.43
Mexico,MEX,2021-01-22,0.48
Mexico,MEX,2021-01-23,0.48
Mexico,MEX,2021-01-24,0.49
Mexico,MEX,2021-01-25,0.5
Mexico,MEX,2021-01-26,0.51
Mexico,MEX,2021-01-27,0.51
Mexico,MEX,2021-01-28,0.51
Mexico,MEX,2021-01-29,0.51
Mexico,MEX,2021-01-30,0.52
Mexico,MEX,2021-01-31,0.52
Mexico,MEX,2021-02-01,0.52
Mexico,MEX,2021-02-02,0.53
Mexico,MEX,2021-02-03,0.53
Mexico,MEX,2021-02-04,0.54
Mexico,MEX,2021-02-05,0.54
Mexico,MEX,2021-02-06,0.55
Mexico,MEX,2021-02-07,0.55
Mexico,MEX,2021-02-08,0.56
Mexico,MEX,2021-02-09,0.56
Mexico,MEX,2021-02-10,0.56
Mexico,MEX,2021-02-11,0.56
Mexico,MEX,2021-02-12,0.56
Mexico,MEX,2021-02-13,0.56
Mexico,MEX,2021-02-15,0.58
Mexico,MEX,2021-02-16,0.71
Mexico,MEX,2021-02-17,0.82
Mexico,MEX,2021-02-18,1.02
Monaco,MCO,2020-12-30,0
Monaco,MCO,2021-01-18,6.12
Morocco,MAR,2021-01-28,0
Morocco,MAR,2021-01-30,0.24
Morocco,MAR,2021-01-31,0.34
Morocco,MAR,2021-02-01,0.54
Morocco,MAR,2021-02-02,0.7
Morocco,MAR,2021-02-03,0.84
Morocco,MAR,2021-02-04,0.95
Morocco,MAR,2021-02-05,1.11
Morocco,MAR,2021-02-06,1.26
Morocco,MAR,2021-02-08,1.49
Morocco,MAR,2021-02-09,1.67
Morocco,MAR,2021-02-10,2.02
Morocco,MAR,2021-02-11,2.32
Morocco,MAR,2021-02-12,3.01
Morocco,MAR,2021-02-13,3.76
Morocco,MAR,2021-02-15,4.62
Morocco,MAR,2021-02-16,5.16
Morocco,MAR,2021-02-17,5.64
Morocco,MAR,2021-02-18,6.05
Myanmar,MMR,2021-01-26,0
Myanmar,MMR,2021-01-27,0.01
Myanmar,MMR,2021-02-02,0.19
Nepal,NPL,2021-01-26,0
Nepal,NPL,2021-02-01,0.39
Nepal,NPL,2021-02-04,0.54
Netherlands,NLD,2021-01-06,0.04
Netherlands,NLD,2021-01-07,0.09
Netherlands,NLD,2021-01-08,0.16
Netherlands,NLD,2021-01-09,0.18
Netherlands,NLD,2021-01-10,0.2
Netherlands,NLD,2021-01-11,0.21
Netherlands,NLD,2021-01-12,0.26
Netherlands,NLD,2021-01-13,0.27
Netherlands,NLD,2021-01-15,0.32
Netherlands,NLD,2021-01-17,0.45
Netherlands,NLD,2021-01-20,0.58
Netherlands,NLD,2021-01-22,0.79
Netherlands,NLD,2021-01-24,0.86
Netherlands,NLD,2021-01-31,1.03
Netherlands,NLD,2021-02-01,1.45
Netherlands,NLD,2021-02-02,1.62
Netherlands,NLD,2021-02-03,1.77
Netherlands,NLD,2021-02-04,1.93
Netherlands,NLD,2021-02-05,2.08
Netherlands,NLD,2021-02-06,2.24
Netherlands,NLD,2021-02-07,2.42
Netherlands,NLD,2021-02-08,2.42
Netherlands,NLD,2021-02-09,2.54
Netherlands,NLD,2021-02-10,2.69
Netherlands,NLD,2021-02-11,2.86
Netherlands,NLD,2021-02-12,3.03
Netherlands,NLD,2021-02-13,3.2
Netherlands,NLD,2021-02-14,3.37
Netherlands,NLD,2021-02-15,3.54
Netherlands,NLD,2021-02-16,3.64
Netherlands,NLD,2021-02-17,3.82
Netherlands,NLD,2021-02-18,4.01
Northern Cyprus,OWID_CYN,2021-01-14,0
Northern Cyprus,OWID_CYN,2021-01-19,1.3
Northern Cyprus,OWID_CYN,2021-01-22,2.88
Northern Ireland,,2020-12-13,0.19
Northern Ireland,,2020-12-20,0.85
Northern Ireland,,2020-12-27,1.64
Northern Ireland,,2021-01-03,2.22
Northern Ireland,,2021-01-10,4.86
Northern Ireland,,2021-01-11,5.25
Northern Ireland,,2021-01-12,5.77
Northern Ireland,,2021-01-13,6.43
Northern Ireland,,2021-01-14,7.07
Northern Ireland,,2021-01-15,7.25
Northern Ireland,,2021-01-16,7.42
Northern Ireland,,2021-01-17,7.75
Northern Ireland,,2021-01-18,8.16
Northern Ireland,,2021-01-19,8.47
Northern Ireland,,2021-01-20,8.79
Northern Ireland,,2021-01-21,9.16
Northern Ireland,,2021-01-22,9.35
Northern Ireland,,2021-01-23,9.42
Northern Ireland,,2021-01-24,9.63
Northern Ireland,,2021-01-25,9.83
Northern Ireland,,2021-01-26,10.09
Northern Ireland,,2021-01-27,10.52
Northern Ireland,,2021-01-28,11.63
Northern Ireland,,2021-01-29,12.05
Northern Ireland,,2021-01-30,12.62
Northern Ireland,,2021-01-31,13.01
Northern Ireland,,2021-02-01,13.64
Northern Ireland,,2021-02-02,14.35
Northern Ireland,,2021-02-03,15.28
Northern Ireland,,2021-02-04,15.91
Northern Ireland,,2021-02-05,16.71
Northern Ireland,,2021-02-06,17.06
Northern Ireland,,2021-02-07,17.48
Northern Ireland,,2021-02-08,18.23
Northern Ireland,,2021-02-09,19.09
Northern Ireland,,2021-02-10,20.17
Northern Ireland,,2021-02-11,21.23
Northern Ireland,,2021-02-12,22.01
Northern Ireland,,2021-02-13,22.18
Northern Ireland,,2021-02-14,22.51
Northern Ireland,,2021-02-15,23.17
Northern Ireland,,2021-02-16,23.64
Northern Ireland,,2021-02-17,24.16
Norway,NOR,2020-12-27,0
Norway,NOR,2020-12-28,0.01
Norway,NOR,2020-12-29,0.03
Norway,NOR,2020-12-30,0.04
Norway,NOR,2020-12-31,0.04
Norway,NOR,2021-01-01,0.04
Norway,NOR,2021-01-02,0.04
Norway,NOR,2021-01-03,0.04
Norway,NOR,2021-01-04,0.04
Norway,NOR,2021-01-05,0.1
Norway,NOR,2021-01-06,0.27
Norway,NOR,2021-01-07,0.39
Norway,NOR,2021-01-08,0.42
Norway,NOR,2021-01-09,0.42
Norway,NOR,2021-01-10,0.43
Norway,NOR,2021-01-11,0.43
Norway,NOR,2021-01-12,0.51
Norway,NOR,2021-01-13,0.69
Norway,NOR,2021-01-14,0.85
Norway,NOR,2021-01-15,0.93
Norway,NOR,2021-01-16,0.94
Norway,NOR,2021-01-17,0.95
Norway,NOR,2021-01-18,0.98
Norway,NOR,2021-01-19,1.08
Norway,NOR,2021-01-20,1.27
Norway,NOR,2021-01-21,1.43
Norway,NOR,2021-01-22,1.49
Norway,NOR,2021-01-23,1.5
Norway,NOR,2021-01-24,1.5
Norway,NOR,2021-01-25,1.51
Norway,NOR,2021-01-26,1.59
Norway,NOR,2021-01-27,1.94
Norway,NOR,2021-01-28,2.26
Norway,NOR,2021-01-29,2.36
Norway,NOR,2021-01-30,2.37
Norway,NOR,2021-01-31,2.37
Norway,NOR,2021-02-01,2.38
Norway,NOR,2021-02-02,2.56
Norway,NOR,2021-02-03,3.16
Norway,NOR,2021-02-04,3.79
Norway,NOR,2021-02-05,4.08
Norway,NOR,2021-02-06,4.1
Norway,NOR,2021-02-07,4.11
Norway,NOR,2021-02-08,4.13
Norway,NOR,2021-02-09,4.29
Norway,NOR,2021-02-10,4.87
Norway,NOR,2021-02-11,5.4
Norway,NOR,2021-02-12,5.6
Norway,NOR,2021-02-13,5.63
Norway,NOR,2021-02-14,5.63
Norway,NOR,2021-02-15,5.66
Norway,NOR,2021-02-16,5.8
Norway,NOR,2021-02-17,6.33
Oman,OMN,2020-12-28,0.03
Oman,OMN,2020-12-29,0.07
Oman,OMN,2020-12-30,0.1
Oman,OMN,2020-12-31,0.13
Oman,OMN,2021-01-02,0.14
Oman,OMN,2021-01-03,0.17
Oman,OMN,2021-01-04,0.21
Oman,OMN,2021-01-05,0.25
Oman,OMN,2021-01-06,0.27
Oman,OMN,2021-01-07,0.29
Oman,OMN,2021-01-08,0.29
Oman,OMN,2021-01-09,0.29
Oman,OMN,2021-01-10,0.31
Oman,OMN,2021-01-11,0.36
Oman,OMN,2021-01-12,0.4
Oman,OMN,2021-01-13,0.45
Oman,OMN,2021-01-14,0.47
Oman,OMN,2021-01-16,0.49
Oman,OMN,2021-01-17,0.5
Oman,OMN,2021-01-18,0.52
Oman,OMN,2021-01-19,0.55
Oman,OMN,2021-01-20,0.58
Oman,OMN,2021-01-23,0.6
Oman,OMN,2021-01-24,0.64
Oman,OMN,2021-01-25,0.68
Oman,OMN,2021-01-26,0.71
Oman,OMN,2021-01-27,0.73
Oman,OMN,2021-02-08,0.77
Oman,OMN,2021-02-09,0.85
Oman,OMN,2021-02-10,0.97
Oman,OMN,2021-02-11,1.13
Oman,OMN,2021-02-12,1.32
Oman,OMN,2021-02-13,1.52
Oman,OMN,2021-02-14,1.75
Oman,OMN,2021-02-15,2
Oman,OMN,2021-02-16,2.13
Oman,OMN,2021-02-17,2.42
Oman,OMN,2021-02-18,2.73
Pakistan,PAK,2021-02-02,0
Pakistan,PAK,2021-02-10,0.01
Pakistan,PAK,2021-02-17,0.02
Panama,PAN,2021-01-19,0
Panama,PAN,2021-01-20,0.01
Panama,PAN,2021-01-21,0.06
Panama,PAN,2021-01-22,0.12
Panama,PAN,2021-01-23,0.13
Panama,PAN,2021-01-24,0.15
Panama,PAN,2021-01-25,0.15
Panama,PAN,2021-01-26,0.17
Panama,PAN,2021-01-27,0.2
Panama,PAN,2021-01-28,0.2
Panama,PAN,2021-01-29,0.2
Panama,PAN,2021-01-30,0.2
Panama,PAN,2021-01-31,0.2
Panama,PAN,2021-02-01,0.24
Panama,PAN,2021-02-02,0.28
Panama,PAN,2021-02-03,0.29
Panama,PAN,2021-02-04,0.29
Panama,PAN,2021-02-05,0.29
Panama,PAN,2021-02-06,0.29
Panama,PAN,2021-02-07,0.29
Panama,PAN,2021-02-08,0.29
Panama,PAN,2021-02-09,0.29
Panama,PAN,2021-02-10,0.29
Panama,PAN,2021-02-11,0.29
Panama,PAN,2021-02-12,0.29
Panama,PAN,2021-02-13,0.29
Panama,PAN,2021-02-14,0.29
Panama,PAN,2021-02-15,0.29
Panama,PAN,2021-02-16,0.29
Panama,PAN,2021-02-17,0.3
Peru,PER,2021-02-09,0
Peru,PER,2021-02-10,0.03
Peru,PER,2021-02-11,0.1
Peru,PER,2021-02-12,0.17
Peru,PER,2021-02-13,0.21
Peru,PER,2021-02-14,0.22
Peru,PER,2021-02-15,0.24
Peru,PER,2021-02-16,0.33
Peru,PER,2021-02-17,0.36
Poland,POL,2020-12-28,0.01
Poland,POL,2020-12-29,0.02
Poland,POL,2020-12-30,0.1
Poland,POL,2020-12-31,0.13
Poland,POL,2021-01-02,0.13
Poland,POL,2021-01-03,0.13
Poland,POL,2021-01-04,0.24
Poland,POL,2021-01-05,0.37
Poland,POL,2021-01-06,0.42
Poland,POL,2021-01-07,0.5
Poland,POL,2021-01-08,0.53
Poland,POL,2021-01-09,0.53
Poland,POL,2021-01-10,0.54
Poland,POL,2021-01-11,0.68
Poland,POL,2021-01-12,0.82
Poland,POL,2021-01-13,0.98
Poland,POL,2021-01-14,1.08
Poland,POL,2021-01-15,1.15
Poland,POL,2021-01-16,1.21
Poland,POL,2021-01-17,1.24
Poland,POL,2021-01-18,1.31
Poland,POL,2021-01-19,1.43
Poland,POL,2021-01-20,1.56
Poland,POL,2021-01-21,1.7
Poland,POL,2021-01-22,1.81
Poland,POL,2021-01-23,1.85
Poland,POL,2021-01-24,1.87
Poland,POL,2021-01-25,2.05
Poland,POL,2021-01-26,2.39
Poland,POL,2021-01-27,2.66
Poland,POL,2021-01-28,2.9
Poland,POL,2021-01-29,3.02
Poland,POL,2021-01-30,3.06
Poland,POL,2021-01-31,3.11
Poland,POL,2021-02-01,3.25
Poland,POL,2021-02-02,3.55
Poland,POL,2021-02-03,3.86
Poland,POL,2021-02-04,4.14
Poland,POL,2021-02-05,4.27
Poland,POL,2021-02-06,4.34
Poland,POL,2021-02-07,4.38
Poland,POL,2021-02-09,4.69
Poland,POL,2021-02-11,5.27
Poland,POL,2021-02-12,5.47
Poland,POL,2021-02-13,5.57
Poland,POL,2021-02-14,5.61
Poland,POL,2021-02-15,5.7
Poland,POL,2021-02-16,5.89
Poland,POL,2021-02-17,6.3
Poland,POL,2021-02-18,6.76
Portugal,PRT,2020-12-28,0.05
Portugal,PRT,2020-12-29,0.16
Portugal,PRT,2020-12-30,0.26
Portugal,PRT,2021-01-03,0.31
Portugal,PRT,2021-01-06,0.41
Portugal,PRT,2021-01-08,0.69
Portugal,PRT,2021-01-15,1.04
Portugal,PRT,2021-01-22,2.08
Portugal,PRT,2021-01-23,2.28
Portugal,PRT,2021-01-26,2.58
Portugal,PRT,2021-01-27,2.73
Portugal,PRT,2021-01-28,2.9
Portugal,PRT,2021-01-29,3.1
Portugal,PRT,2021-01-30,3.24
Portugal,PRT,2021-01-31,3.3
Portugal,PRT,2021-02-01,3.32
Portugal,PRT,2021-02-03,3.44
Portugal,PRT,2021-02-04,3.57
Portugal,PRT,2021-02-06,3.72
Portugal,PRT,2021-02-07,3.86
Portugal,PRT,2021-02-08,3.88
Portugal,PRT,2021-02-09,3.89
Portugal,PRT,2021-02-10,3.92
Portugal,PRT,2021-02-11,4.28
Portugal,PRT,2021-02-12,4.59
Portugal,PRT,2021-02-13,4.96
Portugal,PRT,2021-02-14,5.13
Portugal,PRT,2021-02-15,5.19
Portugal,PRT,2021-02-16,5.29
Portugal,PRT,2021-02-17,5.46
Portugal,PRT,2021-02-18,5.68
Qatar,QAT,2020-12-22,0
Qatar,QAT,2021-01-28,1.74
Romania,ROU,2020-12-28,0.01
Romania,ROU,2020-12-29,0.01
Romania,ROU,2020-12-30,0.03
Romania,ROU,2020-12-31,0.05
Romania,ROU,2021-01-01,0.06
Romania,ROU,2021-01-02,0.07
Romania,ROU,2021-01-03,0.07
Romania,ROU,2021-01-04,0.13
Romania,ROU,2021-01-05,0.22
Romania,ROU,2021-01-06,0.3
Romania,ROU,2021-01-07,0.4
Romania,ROU,2021-01-08,0.48
Romania,ROU,2021-01-09,0.53
Romania,ROU,2021-01-10,0.56
Romania,ROU,2021-01-11,0.65
Romania,ROU,2021-01-12,0.73
Romania,ROU,2021-01-13,0.8
Romania,ROU,2021-01-14,0.87
Romania,ROU,2021-01-15,0.95
Romania,ROU,2021-01-16,1.02
Romania,ROU,2021-01-17,1.07
Romania,ROU,2021-01-18,1.22
Romania,ROU,2021-01-19,1.4
Romania,ROU,2021-01-20,1.6
Romania,ROU,2021-01-21,1.81
Romania,ROU,2021-01-22,2.01
Romania,ROU,2021-01-23,2.18
Romania,ROU,2021-01-24,2.32
Romania,ROU,2021-01-25,2.52
Romania,ROU,2021-01-26,2.75
Romania,ROU,2021-01-27,2.97
Romania,ROU,2021-01-28,3.17
Romania,ROU,2021-01-29,3.36
Romania,ROU,2021-01-30,3.5
Romania,ROU,2021-01-31,3.59
Romania,ROU,2021-02-01,3.75
Romania,ROU,2021-02-02,3.89
Romania,ROU,2021-02-03,4.01
Romania,ROU,2021-02-04,4.13
Romania,ROU,2021-02-05,4.27
Romania,ROU,2021-02-06,4.37
Romania,ROU,2021-02-07,4.45
Romania,ROU,2021-02-08,4.63
Romania,ROU,2021-02-09,4.84
Romania,ROU,2021-02-10,5.05
Romania,ROU,2021-02-11,5.25
Romania,ROU,2021-02-12,5.45
Romania,ROU,2021-02-13,5.64
Romania,ROU,2021-02-14,5.79
Romania,ROU,2021-02-15,5.98
Romania,ROU,2021-02-16,6.22
Romania,ROU,2021-02-17,6.45
Romania,ROU,2021-02-18,6.65
Russia,RUS,2020-12-15,0.02
Russia,RUS,2020-12-22,0.04
Russia,RUS,2021-01-02,0.55
Russia,RUS,2021-01-13,0.69
Russia,RUS,2021-02-10,2.67
Saint Helena,SHN,2021-02-03,1.76
Saudi Arabia,SAU,2021-01-06,0.29
Saudi Arabia,SAU,2021-01-07,0.4
Saudi Arabia,SAU,2021-01-11,0.51
Saudi Arabia,SAU,2021-01-17,0.85
Saudi Arabia,SAU,2021-01-29,1.12
Saudi Arabia,SAU,2021-02-01,1.27
Saudi Arabia,SAU,2021-02-07,1.27
Saudi Arabia,SAU,2021-02-11,1.28
Saudi Arabia,SAU,2021-02-14,1.28
Saudi Arabia,SAU,2021-02-16,1.33
Saudi Arabia,SAU,2021-02-18,1.44
Scotland,,2020-12-13,0.35
Scotland,,2020-12-20,1.1
Scotland,,2020-12-27,1.73
Scotland,,2021-01-03,2.12
Scotland,,2021-01-10,3.04
Scotland,,2021-01-11,3.27
Scotland,,2021-01-12,3.57
Scotland,,2021-01-13,3.87
Scotland,,2021-01-14,4.18
Scotland,,2021-01-15,4.49
Scotland,,2021-01-16,4.83
Scotland,,2021-01-17,4.92
Scotland,,2021-01-18,5.28
Scotland,,2021-01-19,5.75
Scotland,,2021-01-20,6.21
Scotland,,2021-01-21,6.65
Scotland,,2021-01-22,7.06
Scotland,,2021-01-23,7.49
Scotland,,2021-01-24,7.7
Scotland,,2021-01-25,8.13
Scotland,,2021-01-26,8.58
Scotland,,2021-01-27,9.12
Scotland,,2021-01-28,9.57
Scotland,,2021-01-29,10.09
Scotland,,2021-01-30,10.51
Scotland,,2021-01-31,10.68
Scotland,,2021-02-01,11.33
Scotland,,2021-02-02,12.04
Scotland,,2021-02-03,12.87
Scotland,,2021-02-04,13.77
Scotland,,2021-02-05,14.58
Scotland,,2021-02-06,15.56
Scotland,,2021-02-07,16.06
Scotland,,2021-02-08,17.21
Scotland,,2021-02-09,18.28
Scotland,,2021-02-10,19.44
Scotland,,2021-02-11,20.63
Scotland,,2021-02-12,21.74
Scotland,,2021-02-13,22.66
Scotland,,2021-02-14,23.24
Scotland,,2021-02-15,23.89
Scotland,,2021-02-16,24.54
Scotland,,2021-02-17,25.24
Serbia,SRB,2021-01-08,0.1
Serbia,SRB,2021-01-10,0.14
Serbia,SRB,2021-01-14,0.27
Serbia,SRB,2021-01-20,0.66
Serbia,SRB,2021-01-21,1.25
Serbia,SRB,2021-01-22,1.76
Serbia,SRB,2021-01-23,2.4
Serbia,SRB,2021-01-24,3.2
Serbia,SRB,2021-01-25,3.77
Serbia,SRB,2021-01-26,4.7
Serbia,SRB,2021-01-27,5.32
Serbia,SRB,2021-01-28,5.9
Serbia,SRB,2021-01-29,6.33
Serbia,SRB,2021-01-30,6.43
Serbia,SRB,2021-02-02,7.29
Serbia,SRB,2021-02-03,7.55
Serbia,SRB,2021-02-04,7.74
Serbia,SRB,2021-02-05,7.91
Serbia,SRB,2021-02-07,8
Serbia,SRB,2021-02-10,9.41
Serbia,SRB,2021-02-12,10.44
Serbia,SRB,2021-02-14,12.01
Serbia,SRB,2021-02-17,13.9
Seychelles,SYC,2021-01-09,0
Seychelles,SYC,2021-01-13,2.03
Seychelles,SYC,2021-01-15,4.07
Seychelles,SYC,2021-01-16,7.12
Seychelles,SYC,2021-01-19,11.16
Seychelles,SYC,2021-01-20,13.39
Seychelles,SYC,2021-01-22,17.18
Seychelles,SYC,2021-01-23,18.66
Seychelles,SYC,2021-01-25,20.22
Seychelles,SYC,2021-01-26,23.1
Seychelles,SYC,2021-01-27,26.02
Seychelles,SYC,2021-01-28,29.26
Seychelles,SYC,2021-01-29,31.38
Seychelles,SYC,2021-02-01,35.67
Seychelles,SYC,2021-02-02,36.9
Seychelles,SYC,2021-02-03,37.72
Seychelles,SYC,2021-02-06,39.84
Seychelles,SYC,2021-02-08,42.4
Seychelles,SYC,2021-02-09,45.17
Seychelles,SYC,2021-02-10,48.87
Seychelles,SYC,2021-02-11,52.69
Seychelles,SYC,2021-02-13,56.92
Seychelles,SYC,2021-02-15,59.23
Seychelles,SYC,2021-02-16,61
Seychelles,SYC,2021-02-17,62.39
Singapore,SGP,2021-01-11,0.06
Singapore,SGP,2021-01-12,0.11
Singapore,SGP,2021-01-22,1.03
Singapore,SGP,2021-01-27,1.93
Singapore,SGP,2021-01-31,2.65
Singapore,SGP,2021-02-02,3.09
Singapore,SGP,2021-02-10,4.38
Slovakia,SVK,2021-01-04,0
Slovakia,SVK,2021-01-05,0.01
Slovakia,SVK,2021-01-06,0.12
Slovakia,SVK,2021-01-07,0.25
Slovakia,SVK,2021-01-08,0.38
Slovakia,SVK,2021-01-09,0.41
Slovakia,SVK,2021-01-10,0.46
Slovakia,SVK,2021-01-11,0.54
Slovakia,SVK,2021-01-12,0.73
Slovakia,SVK,2021-01-13,0.86
Slovakia,SVK,2021-01-14,0.99
Slovakia,SVK,2021-01-15,1.14
Slovakia,SVK,2021-01-16,1.16
Slovakia,SVK,2021-01-17,1.16
Slovakia,SVK,2021-01-18,1.32
Slovakia,SVK,2021-01-19,1.47
Slovakia,SVK,2021-01-20,1.61
Slovakia,SVK,2021-01-21,1.75
Slovakia,SVK,2021-01-22,1.87
Slovakia,SVK,2021-01-23,1.88
Slovakia,SVK,2021-01-24,1.88
Slovakia,SVK,2021-01-25,2.04
Slovakia,SVK,2021-01-26,2.17
Slovakia,SVK,2021-01-27,2.3
Slovakia,SVK,2021-01-28,2.48
Slovakia,SVK,2021-01-29,2.7
Slovakia,SVK,2021-01-30,2.72
Slovakia,SVK,2021-01-31,2.73
Slovakia,SVK,2021-02-01,2.94
Slovakia,SVK,2021-02-02,3.17
Slovakia,SVK,2021-02-03,3.38
Slovakia,SVK,2021-02-04,3.64
Slovakia,SVK,2021-02-05,3.92
Slovakia,SVK,2021-02-06,3.97
Slovakia,SVK,2021-02-07,3.97
Slovakia,SVK,2021-02-08,4.18
Slovakia,SVK,2021-02-09,4.45
Slovakia,SVK,2021-02-10,4.69
Slovakia,SVK,2021-02-11,4.94
Slovakia,SVK,2021-02-12,5.2
Slovakia,SVK,2021-02-13,5.27
Slovakia,SVK,2021-02-14,5.47
Slovakia,SVK,2021-02-15,5.71
Slovakia,SVK,2021-02-16,5.91
Slovakia,SVK,2021-02-17,6.12
Slovakia,SVK,2021-02-18,6.31
Slovenia,SVN,2020-12-27,0.28
Slovenia,SVN,2020-12-28,0.36
Slovenia,SVN,2020-12-29,0.41
Slovenia,SVN,2020-12-30,0.43
Slovenia,SVN,2020-12-31,0.52
Slovenia,SVN,2021-01-01,0.52
Slovenia,SVN,2021-01-02,0.54
Slovenia,SVN,2021-01-03,0.57
Slovenia,SVN,2021-01-04,0.62
Slovenia,SVN,2021-01-05,0.74
Slovenia,SVN,2021-01-06,0.98
Slovenia,SVN,2021-01-07,1.24
Slovenia,SVN,2021-01-08,1.39
Slovenia,SVN,2021-01-09,1.4
Slovenia,SVN,2021-01-10,1.4
Slovenia,SVN,2021-01-11,1.43
Slovenia,SVN,2021-01-12,1.51
Slovenia,SVN,2021-01-13,1.74
Slovenia,SVN,2021-01-14,2.06
Slovenia,SVN,2021-01-15,2.29
Slovenia,SVN,2021-01-16,2.3
Slovenia,SVN,2021-01-17,2.3
Slovenia,SVN,2021-01-18,2.31
Slovenia,SVN,2021-01-19,2.42
Slovenia,SVN,2021-01-20,2.64
Slovenia,SVN,2021-01-21,2.85
Slovenia,SVN,2021-01-22,2.96
Slovenia,SVN,2021-01-23,2.99
Slovenia,SVN,2021-01-24,3
Slovenia,SVN,2021-01-25,3
Slovenia,SVN,2021-01-26,3.09
Slovenia,SVN,2021-01-27,3.32
Slovenia,SVN,2021-01-28,3.6
Slovenia,SVN,2021-01-29,3.82
Slovenia,SVN,2021-01-30,3.83
Slovenia,SVN,2021-01-31,3.83
Slovenia,SVN,2021-02-01,3.83
Slovenia,SVN,2021-02-02,3.88
Slovenia,SVN,2021-02-03,4.11
Slovenia,SVN,2021-02-04,4.46
Slovenia,SVN,2021-02-05,4.73
Slovenia,SVN,2021-02-06,4.76
Slovenia,SVN,2021-02-07,4.76
Slovenia,SVN,2021-02-08,4.78
Slovenia,SVN,2021-02-09,4.79
Slovenia,SVN,2021-02-10,4.94
Slovenia,SVN,2021-02-11,5.33
Slovenia,SVN,2021-02-12,5.73
Slovenia,SVN,2021-02-13,5.78
Slovenia,SVN,2021-02-14,5.78
Slovenia,SVN,2021-02-15,5.78
Slovenia,SVN,2021-02-16,5.83
Slovenia,SVN,2021-02-17,6.09
Slovenia,SVN,2021-02-18,6.49
Spain,ESP,2021-01-04,0.18
Spain,ESP,2021-01-05,0.3
Spain,ESP,2021-01-07,0.44
Spain,ESP,2021-01-08,0.59
Spain,ESP,2021-01-11,0.87
Spain,ESP,2021-01-12,1.04
Spain,ESP,2021-01-13,1.24
Spain,ESP,2021-01-14,1.45
Spain,ESP,2021-01-15,1.64
Spain,ESP,2021-01-18,1.92
Spain,ESP,2021-01-19,2.07
Spain,ESP,2021-01-20,2.19
Spain,ESP,2021-01-21,2.36
Spain,ESP,2021-01-22,2.49
Spain,ESP,2021-01-24,2.65
Spain,ESP,2021-01-25,2.76
Spain,ESP,2021-01-26,2.9
Spain,ESP,2021-01-27,2.98
Spain,ESP,2021-01-28,3.15
Spain,ESP,2021-01-31,3.44
Spain,ESP,2021-02-01,3.58
Spain,ESP,2021-02-02,3.77
Spain,ESP,2021-02-03,3.99
Spain,ESP,2021-02-04,4.25
Spain,ESP,2021-02-07,4.5
Spain,ESP,2021-02-08,4.64
Spain,ESP,2021-02-09,4.78
Spain,ESP,2021-02-10,4.96
Spain,ESP,2021-02-11,5.18
Spain,ESP,2021-02-14,5.48
Spain,ESP,2021-02-15,5.61
Spain,ESP,2021-02-16,5.75
Spain,ESP,2021-02-17,5.95
Sri Lanka,LKA,2021-01-28,0
Sri Lanka,LKA,2021-01-29,0.02
Sri Lanka,LKA,2021-01-30,0.18
Sri Lanka,LKA,2021-01-31,0.28
Sri Lanka,LKA,2021-02-01,0.45
Sri Lanka,LKA,2021-02-02,0.55
Sri Lanka,LKA,2021-02-03,0.65
Sri Lanka,LKA,2021-02-04,0.68
Sri Lanka,LKA,2021-02-05,0.73
Sri Lanka,LKA,2021-02-06,0.75
Sri Lanka,LKA,2021-02-07,0.76
Sri Lanka,LKA,2021-02-08,0.78
Sri Lanka,LKA,2021-02-09,0.81
Sri Lanka,LKA,2021-02-10,0.83
Sri Lanka,LKA,2021-02-11,0.83
Sri Lanka,LKA,2021-02-12,0.84
Sri Lanka,LKA,2021-02-13,0.87
Sri Lanka,LKA,2021-02-14,0.88
Sri Lanka,LKA,2021-02-15,0.9
Sri Lanka,LKA,2021-02-16,0.92
Sweden,SWE,2020-12-27,0.02
Sweden,SWE,2021-01-03,0.14
Sweden,SWE,2021-01-10,0.47
Sweden,SWE,2021-01-17,1.18
Sweden,SWE,2021-01-24,2.27
Sweden,SWE,2021-01-31,3.11
Sweden,SWE,2021-02-07,4.03
Sweden,SWE,2021-02-12,4.53
Sweden,SWE,2021-02-16,5.01
Sweden,SWE,2021-02-17,5.21
Sweden,SWE,2021-02-18,5.48
Switzerland,CHE,2021-01-24,2.27
Switzerland,CHE,2021-01-25,2.27
Switzerland,CHE,2021-01-26,2.27
Switzerland,CHE,2021-01-27,2.99
Switzerland,CHE,2021-01-28,2.99
Switzerland,CHE,2021-01-29,2.99
Switzerland,CHE,2021-01-30,2.99
Switzerland,CHE,2021-01-31,3.63
Switzerland,CHE,2021-02-01,3.63
Switzerland,CHE,2021-02-02,3.63
Switzerland,CHE,2021-02-03,4.25
Switzerland,CHE,2021-02-04,4.25
Switzerland,CHE,2021-02-05,4.25
Switzerland,CHE,2021-02-06,4.25
Switzerland,CHE,2021-02-07,4.77
Switzerland,CHE,2021-02-08,4.77
Switzerland,CHE,2021-02-09,4.77
Switzerland,CHE,2021-02-10,5.56
Switzerland,CHE,2021-02-11,5.56
Switzerland,CHE,2021-02-12,5.56
Switzerland,CHE,2021-02-13,5.56
Switzerland,CHE,2021-02-14,6.25
Turkey,TUR,2021-01-13,0
Turkey,TUR,2021-01-14,0.33
Turkey,TUR,2021-01-15,0.73
Turkey,TUR,2021-01-16,0.8
Turkey,TUR,2021-01-17,0.84
Turkey,TUR,2021-01-18,0.99
Turkey,TUR,2021-01-19,1.13
Turkey,TUR,2021-01-20,1.25
Turkey,TUR,2021-01-21,1.33
Turkey,TUR,2021-01-22,1.43
Turkey,TUR,2021-01-23,1.45
Turkey,TUR,2021-01-24,1.48
Turkey,TUR,2021-01-25,1.54
Turkey,TUR,2021-01-26,1.67
Turkey,TUR,2021-01-27,1.81
Turkey,TUR,2021-01-28,2.01
Turkey,TUR,2021-01-29,2.29
Turkey,TUR,2021-01-30,2.32
Turkey,TUR,2021-01-31,2.36
Turkey,TUR,2021-02-01,2.53
Turkey,TUR,2021-02-02,2.64
Turkey,TUR,2021-02-03,2.78
Turkey,TUR,2021-02-04,2.97
Turkey,TUR,2021-02-05,3.04
Turkey,TUR,2021-02-06,3.08
Turkey,TUR,2021-02-07,3.1
Turkey,TUR,2021-02-08,3.16
Turkey,TUR,2021-02-09,3.24
Turkey,TUR,2021-02-10,3.31
Turkey,TUR,2021-02-11,3.37
Turkey,TUR,2021-02-12,4.04
Turkey,TUR,2021-02-13,4.4
Turkey,TUR,2021-02-14,4.54
Turkey,TUR,2021-02-15,4.96
Turkey,TUR,2021-02-16,5.49
Turkey,TUR,2021-02-17,6.19
Turkey,TUR,2021-02-18,6.99
Turks and Caicos Islands,TCA,2021-01-10,0
Turks and Caicos Islands,TCA,2021-02-08,16.62
United Arab Emirates,ARE,2021-01-05,8.35
United Arab Emirates,ARE,2021-01-07,8.98
United Arab Emirates,ARE,2021-01-08,9.52
United Arab Emirates,ARE,2021-01-09,10.32
United Arab Emirates,ARE,2021-01-10,10.99
United Arab Emirates,ARE,2021-01-11,11.8
United Arab Emirates,ARE,2021-01-12,12.9
United Arab Emirates,ARE,2021-01-13,14.1
United Arab Emirates,ARE,2021-01-14,15.45
United Arab Emirates,ARE,2021-01-15,16.84
United Arab Emirates,ARE,2021-01-16,18.18
United Arab Emirates,ARE,2021-01-17,19.04
United Arab Emirates,ARE,2021-01-18,19.93
United Arab Emirates,ARE,2021-01-19,20.88
United Arab Emirates,ARE,2021-01-20,21.85
United Arab Emirates,ARE,2021-01-21,22.71
United Arab Emirates,ARE,2021-01-22,23.65
United Arab Emirates,ARE,2021-01-23,24.54
United Arab Emirates,ARE,2021-01-24,25.15
United Arab Emirates,ARE,2021-01-25,26
United Arab Emirates,ARE,2021-01-26,27.07
United Arab Emirates,ARE,2021-01-27,27.95
United Arab Emirates,ARE,2021-01-28,29
United Arab Emirates,ARE,2021-01-29,30.4
United Arab Emirates,ARE,2021-01-30,31.49
United Arab Emirates,ARE,2021-01-31,33.71
United Arab Emirates,ARE,2021-02-01,34.79
United Arab Emirates,ARE,2021-02-03,36.04
United Arab Emirates,ARE,2021-02-04,38.92
United Arab Emirates,ARE,2021-02-06,42.48
United Arab Emirates,ARE,2021-02-07,43.62
United Arab Emirates,ARE,2021-02-08,44.63
United Arab Emirates,ARE,2021-02-09,45.77
United Arab Emirates,ARE,2021-02-10,47.37
United Arab Emirates,ARE,2021-02-11,48.45
United Arab Emirates,ARE,2021-02-12,49.56
United Arab Emirates,ARE,2021-02-13,50.61
United Arab Emirates,ARE,2021-02-14,51.11
United Arab Emirates,ARE,2021-02-15,51.43
United Arab Emirates,ARE,2021-02-16,52.56
United Arab Emirates,ARE,2021-02-17,53.43
United Arab Emirates,ARE,2021-02-18,54.33
United Kingdom,GBR,2020-12-13,0.13
United Kingdom,GBR,2020-12-20,0.99
United Kingdom,GBR,2020-12-27,1.48
United Kingdom,GBR,2021-01-03,2.06
United Kingdom,GBR,2021-01-10,3.94
United Kingdom,GBR,2021-01-11,4.19
United Kingdom,GBR,2021-01-12,4.52
United Kingdom,GBR,2021-01-13,4.94
United Kingdom,GBR,2021-01-14,5.42
United Kingdom,GBR,2021-01-15,5.93
United Kingdom,GBR,2021-01-16,6.37
United Kingdom,GBR,2021-01-17,6.65
United Kingdom,GBR,2021-01-18,6.96
United Kingdom,GBR,2021-01-19,7.47
United Kingdom,GBR,2021-01-20,8.01
United Kingdom,GBR,2021-01-21,8.62
United Kingdom,GBR,2021-01-22,9.32
United Kingdom,GBR,2021-01-23,10.05
United Kingdom,GBR,2021-01-24,10.38
United Kingdom,GBR,2021-01-25,10.79
United Kingdom,GBR,2021-01-26,11.25
United Kingdom,GBR,2021-01-27,11.72
United Kingdom,GBR,2021-01-28,12.33
United Kingdom,GBR,2021-01-29,13.05
United Kingdom,GBR,2021-01-30,13.95
United Kingdom,GBR,2021-01-31,14.42
United Kingdom,GBR,2021-02-01,14.94
United Kingdom,GBR,2021-02-02,15.5
United Kingdom,GBR,2021-02-03,16.19
United Kingdom,GBR,2021-02-04,16.91
United Kingdom,GBR,2021-02-05,17.64
United Kingdom,GBR,2021-02-06,18.45
United Kingdom,GBR,2021-02-07,18.86
United Kingdom,GBR,2021-02-08,19.39
United Kingdom,GBR,2021-02-09,20
United Kingdom,GBR,2021-02-10,20.67
United Kingdom,GBR,2021-02-11,21.42
United Kingdom,GBR,2021-02-12,22.23
United Kingdom,GBR,2021-02-13,22.98
United Kingdom,GBR,2021-02-14,23.33
United Kingdom,GBR,2021-02-15,23.75
United Kingdom,GBR,2021-02-16,24.3
United Kingdom,GBR,2021-02-17,25.04
United States,USA,2020-12-20,0.17
United States,USA,2020-12-21,0.18
United States,USA,2020-12-23,0.3
United States,USA,2020-12-26,0.58
United States,USA,2020-12-28,0.64
United States,USA,2020-12-30,0.84
United States,USA,2021-01-02,1.26
United States,USA,2021-01-04,1.36
United States,USA,2021-01-05,1.45
United States,USA,2021-01-06,1.59
United States,USA,2021-01-07,1.77
United States,USA,2021-01-08,2
United States,USA,2021-01-11,2.69
United States,USA,2021-01-12,2.79
United States,USA,2021-01-13,3.07
United States,USA,2021-01-14,3.33
United States,USA,2021-01-15,3.67
United States,USA,2021-01-19,4.7
United States,USA,2021-01-20,4.94
United States,USA,2021-01-21,5.25
United States,USA,2021-01-22,5.71
United States,USA,2021-01-23,6.14
United States,USA,2021-01-24,6.53
United States,USA,2021-01-25,6.8
United States,USA,2021-01-26,7.04
United States,USA,2021-01-27,7.37
United States,USA,2021-01-28,7.83
United States,USA,2021-01-29,8.34
United States,USA,2021-01-30,8.84
United States,USA,2021-01-31,9.31
United States,USA,2021-02-01,9.63
United States,USA,2021-02-02,9.8
United States,USA,2021-02-03,10.13
United States,USA,2021-02-04,10.53
United States,USA,2021-02-05,11.01
United States,USA,2021-02-06,11.67
United States,USA,2021-02-07,12.32
United States,USA,2021-02-08,12.68
United States,USA,2021-02-09,12.92
United States,USA,2021-02-10,13.39
United States,USA,2021-02-11,13.87
United States,USA,2021-02-12,14.48
United States,USA,2021-02-13,15.14
United States,USA,2021-02-14,15.81
United States,USA,2021-02-16,16.51
United States,USA,2021-02-17,16.83
United States,USA,2021-02-18,17.26
Wales,,2020-12-13,0.26
Wales,,2020-12-20,0.76
Wales,,2020-12-27,1.15
Wales,,2021-01-03,1.6
Wales,,2021-01-10,2.73
Wales,,2021-01-11,2.9
Wales,,2021-01-12,3.22
Wales,,2021-01-13,3.59
Wales,,2021-01-14,4.01
Wales,,2021-01-17,4.82
Wales,,2021-01-18,5.14
Wales,,2021-01-19,5.59
Wales,,2021-01-20,6.05
Wales,,2021-01-21,6.75
Wales,,2021-01-22,7.64
Wales,,2021-01-23,8.41
Wales,,2021-01-24,8.61
Wales,,2021-01-25,9.2
Wales,,2021-01-26,9.93
Wales,,2021-01-27,10.68
Wales,,2021-01-28,11.51
Wales,,2021-01-29,12.02
Wales,,2021-01-30,12.82
Wales,,2021-01-31,13.23
Wales,,2021-02-01,13.98
Wales,,2021-02-02,14.71
Wales,,2021-02-03,15.6
Wales,,2021-02-04,16.64
Wales,,2021-02-05,17.74
Wales,,2021-02-06,18.78
Wales,,2021-02-07,19.24
Wales,,2021-02-08,20.05
Wales,,2021-02-09,20.9
Wales,,2021-02-10,21.82
Wales,,2021-02-11,22.83
Wales,,2021-02-12,23.9
Wales,,2021-02-13,24.62
Wales,,2021-02-14,25.06
Wales,,2021-02-15,25.47
Wales,,2021-02-16,26.02
Wales,,2021-02-17,26.7
World,OWID_WRL,2020-12-13,0
World,OWID_WRL,2020-12-15,0.02
World,OWID_WRL,2020-12-19,0.02
World,OWID_WRL,2020-12-20,0.04
World,OWID_WRL,2020-12-21,0.04
World,OWID_WRL,2020-12-22,0.04
World,OWID_WRL,2020-12-23,0.04
World,OWID_WRL,2020-12-24,0.04
World,OWID_WRL,2020-12-25,0.05
World,OWID_WRL,2020-12-26,0.06
World,OWID_WRL,2020-12-27,0.06
World,OWID_WRL,2020-12-28,0.07
World,OWID_WRL,2020-12-29,0.07
World,OWID_WRL,2020-12-30,0.08
World,OWID_WRL,2020-12-31,0.13
World,OWID_WRL,2021-01-01,0.13
World,OWID_WRL,2021-01-02,0.16
World,OWID_WRL,2021-01-03,0.17
World,OWID_WRL,2021-01-04,0.18
World,OWID_WRL,2021-01-05,0.2
World,OWID_WRL,2021-01-06,0.21
World,OWID_WRL,2021-01-07,0.22
World,OWID_WRL,2021-01-08,0.24
World,OWID_WRL,2021-01-09,0.3
World,OWID_WRL,2021-01-10,0.33
World,OWID_WRL,2021-01-11,0.36
World,OWID_WRL,2021-01-12,0.38
World,OWID_WRL,2021-01-13,0.43
World,OWID_WRL,2021-01-14,0.46
World,OWID_WRL,2021-01-15,0.49
World,OWID_WRL,2021-01-16,0.51
World,OWID_WRL,2021-01-17,0.52
World,OWID_WRL,2021-01-18,0.54
World,OWID_WRL,2021-01-19,0.6
World,OWID_WRL,2021-01-20,0.7
World,OWID_WRL,2021-01-21,0.74
World,OWID_WRL,2021-01-22,0.79
World,OWID_WRL,2021-01-23,0.82
World,OWID_WRL,2021-01-24,0.86
World,OWID_WRL,2021-01-25,0.89
World,OWID_WRL,2021-01-26,0.92
World,OWID_WRL,2021-01-27,1.07
World,OWID_WRL,2021-01-28,1.12
World,OWID_WRL,2021-01-29,1.18
World,OWID_WRL,2021-01-30,1.22
World,OWID_WRL,2021-01-31,1.28
World,OWID_WRL,2021-02-01,1.32
World,OWID_WRL,2021-02-02,1.35
World,OWID_WRL,2021-02-03,1.49
World,OWID_WRL,2021-02-04,1.55
World,OWID_WRL,2021-02-05,1.6
World,OWID_WRL,2021-02-06,1.66
World,OWID_WRL,2021-02-07,1.7
World,OWID_WRL,2021-02-08,1.74
World,OWID_WRL,2021-02-09,1.91
World,OWID_WRL,2021-02-10,2.01
World,OWID_WRL,2021-02-11,2.07
World,OWID_WRL,2021-02-12,2.14
World,OWID_WRL,2021-02-13,2.21
World,OWID_WRL,2021-02-14,2.26
World,OWID_WRL,2021-02-15,2.3
World,OWID_WRL,2021-02-16,2.37
World,OWID_WRL,2021-02-17,2.43
World,OWID_WRL,2021-02-18,2.49